userid,foodid,survey,like,made,view
0,9,-1,0,0,0
0,12,-1,0,0,3
0,28,1,1,0,4
0,40,1,0,0,5
0,54,-1,0,0,0
0,68,-1,0,0,2
0,104,-1,0,0,0
0,108,1,1,1,4
0,155,1,1,1,6
0,159,-1,0,0,1
0,164,1,1,0,6
0,180,-1,0,0,3
0,196,-1,0,0,0
0,216,-1,0,0,0
0,221,1,1,1,4
0,280,1,0,0,3
0,288,-1,0,0,2
0,303,1,1,1,7
0,304,1,0,1,3
0,305,1,0,1,3
0,310,-1,0,0,3
0,352,-1,0,0,2
0,363,-1,0,0,1
0,387,-1,0,0,2
0,407,-1,0,0,1
0,422,-1,0,0,0
0,469,1,1,1,3
0,476,-1,0,0,0
0,486,1,0,1,7
0,517,-1,0,0,1
0,532,-1,0,0,0
0,548,-1,0,0,0
0,586,1,1,1,4
0,588,-1,0,0,1
0,621,1,0,1,8
0,638,1,0,0,3
0,655,1,0,1,4
0,668,-1,0,0,2
0,687,1,1,1,3
0,696,-1,0,0,2
0,705,1,0,1,8
0,714,1,0,0,7
0,741,1,1,1,8
0,775,1,0,0,5
0,797,-1,0,0,1
0,803,-1,0,0,3
0,815,-1,0,0,2
0,824,-1,0,0,3
0,868,-1,0,0,3
0,877,-1,0,0,2
0,902,1,0,0,6
0,924,1,0,1,3
0,937,1,0,0,7
0,959,-1,0,0,2
0,972,-1,0,0,0
0,975,-1,0,0,0
0,988,-1,0,0,0
0,1009,-1,0,0,2
0,1020,-1,0,0,1
0,1031,1,1,0,3
1,9,1,0,0,3
1,12,-1,0,0,3
1,28,1,0,1,3
1,40,-1,0,0,0
1,54,-1,0,0,3
1,68,-1,0,0,3
1,104,-1,0,0,1
1,108,-1,0,0,0
1,155,1,0,1,5
1,159,1,1,0,3
1,164,1,1,1,4
1,180,-1,0,0,2
1,196,-1,0,0,0
1,216,1,0,1,4
1,221,1,1,1,6
1,280,1,0,0,4
1,288,1,0,0,4
1,303,1,0,0,3
1,304,1,0,0,4
1,305,1,1,1,6
1,310,1,1,0,6
1,352,-1,0,0,3
1,363,1,1,0,7
1,387,1,0,1,5
1,407,1,1,1,7
1,422,1,1,1,3
1,469,1,0,1,8
1,476,1,0,1,4
1,486,1,0,1,3
1,517,1,0,0,4
1,532,1,1,0,6
1,548,-1,0,0,1
1,586,1,0,1,3
1,588,-1,0,0,1
1,621,1,1,1,6
1,638,-1,0,0,0
1,655,1,0,1,8
1,668,1,0,0,4
1,687,1,1,0,8
1,696,1,0,0,6
1,705,1,1,1,5
1,714,-1,0,0,3
1,741,1,1,0,3
1,775,1,0,0,3
1,797,-1,0,0,3
1,803,1,1,0,3
1,815,-1,0,0,1
1,824,1,0,1,7
1,868,-1,0,0,0
1,877,1,0,1,5
1,902,1,1,1,7
1,924,-1,0,0,2
1,937,-1,0,0,1
1,959,1,1,0,3
1,972,1,1,0,8
1,975,1,1,0,4
1,988,-1,0,0,0
1,1009,1,1,0,8
1,1020,-1,0,0,3
1,1031,1,0,0,4
2,9,-1,0,0,1
2,12,-1,0,0,2
2,28,-1,0,0,3
2,40,-1,0,0,1
2,54,1,0,1,3
2,68,-1,0,0,3
2,104,-1,0,0,0
2,108,1,0,0,5
2,155,-1,0,0,2
2,159,1,1,0,8
2,164,1,0,0,5
2,180,-1,0,0,2
2,196,-1,0,0,1
2,216,1,1,1,3
2,221,1,1,1,6
2,280,1,1,1,5
2,288,-1,0,0,3
2,303,1,0,1,7
2,304,1,0,0,7
2,305,1,0,1,3
2,310,-1,0,0,0
2,352,-1,0,0,2
2,363,-1,0,0,1
2,387,-1,0,0,0
2,407,1,1,0,5
2,422,-1,0,0,3
2,469,-1,0,0,1
2,476,-1,0,0,1
2,486,1,1,0,7
2,517,-1,0,0,1
2,532,-1,0,0,3
2,548,-1,0,0,1
2,586,-1,0,0,1
2,588,1,1,0,5
2,621,-1,0,0,1
2,638,-1,0,0,1
2,655,-1,0,0,0
2,668,-1,0,0,1
2,687,-1,0,0,3
2,696,-1,0,0,2
2,705,1,0,0,6
2,714,-1,0,0,2
2,741,-1,0,0,3
2,775,-1,0,0,0
2,779,0,1,0,3
2,797,-1,0,0,0
2,803,-1,0,0,2
2,815,1,0,1,8
2,824,1,1,0,6
2,868,-1,0,0,0
2,877,1,1,0,8
2,902,-1,0,0,3
2,924,-1,0,0,1
2,937,-1,0,0,1
2,959,-1,0,0,2
2,972,-1,0,0,3
2,975,1,1,1,3
2,988,-1,0,0,3
2,1009,-1,0,0,1
2,1020,-1,0,0,1
2,1031,-1,0,0,2
3,9,1,1,1,8
3,12,1,1,1,5
3,28,-1,0,0,3
3,40,-1,0,0,3
3,54,-1,0,0,0
3,68,-1,0,0,1
3,104,1,1,1,4
3,108,1,1,0,7
3,155,1,0,0,6
3,159,-1,0,0,0
3,164,1,0,1,6
3,177,0,0,1,0
3,180,-1,0,0,1
3,196,-1,0,0,1
3,216,-1,0,0,1
3,221,1,0,1,4
3,280,1,1,0,4
3,288,-1,0,0,3
3,303,1,1,1,8
3,304,1,1,0,4
3,305,1,0,0,6
3,310,-1,0,0,3
3,352,-1,0,0,0
3,363,-1,0,0,3
3,387,1,1,1,8
3,407,1,0,1,7
3,422,-1,0,0,1
3,469,-1,0,0,0
3,476,1,1,1,4
3,486,-1,0,0,1
3,517,-1,0,0,3
3,532,1,0,1,5
3,548,1,0,1,3
3,586,1,0,0,6
3,588,-1,0,0,2
3,621,1,0,1,3
3,638,1,0,1,3
3,655,-1,0,0,0
3,668,-1,0,0,1
3,687,1,0,0,4
3,696,-1,0,0,0
3,705,1,1,1,3
3,714,1,1,0,6
3,741,1,1,0,3
3,775,-1,0,0,0
3,797,-1,0,0,1
3,803,-1,0,0,0
3,815,1,1,0,4
3,824,-1,0,0,3
3,868,-1,0,0,1
3,877,-1,0,0,0
3,902,-1,0,0,3
3,924,1,0,0,8
3,937,1,1,0,6
3,959,1,0,0,8
3,972,1,1,1,5
3,975,1,0,0,5
3,988,-1,0,0,0
3,1009,-1,0,0,1
3,1020,-1,0,0,0
3,1031,-1,0,0,0
4,9,1,0,1,8
4,12,-1,0,0,1
4,28,1,1,1,7
4,40,1,1,1,8
4,54,-1,0,0,3
4,68,1,0,1,8
4,104,-1,0,0,2
4,108,1,0,1,5
4,155,1,1,1,8
4,159,1,0,0,6
4,164,1,1,0,7
4,180,1,0,1,8
4,196,-1,0,0,0
4,216,1,1,0,5
4,221,1,1,0,8
4,280,-1,0,0,1
4,288,1,1,1,6
4,303,-1,0,0,0
4,304,1,1,1,6
4,305,-1,0,0,3
4,310,-1,0,0,1
4,352,-1,0,0,3
4,363,-1,0,0,2
4,387,1,0,1,6
4,407,-1,0,0,1
4,422,-1,0,0,2
4,469,1,0,1,7
4,476,-1,0,0,3
4,486,1,1,0,4
4,517,1,0,0,4
4,532,1,1,1,4
4,548,-1,0,0,3
4,586,1,1,0,8
4,588,-1,0,0,3
4,619,0,1,0,4
4,621,-1,0,0,0
4,638,1,0,0,7
4,655,-1,0,0,1
4,668,-1,0,0,3
4,687,1,1,0,5
4,696,-1,0,0,2
4,705,-1,0,0,3
4,714,1,0,0,7
4,741,1,1,0,5
4,775,1,1,0,4
4,797,-1,0,0,0
4,803,-1,0,0,2
4,815,-1,0,0,2
4,824,-1,0,0,0
4,868,1,1,0,7
4,877,-1,0,0,0
4,902,1,1,1,7
4,924,1,0,1,3
4,937,1,1,1,5
4,959,-1,0,0,1
4,972,-1,0,0,3
4,975,1,1,0,8
4,988,-1,0,0,1
4,1009,-1,0,0,2
4,1020,1,1,1,3
4,1031,-1,0,0,2
5,21,1,0,0,7
5,44,-1,0,0,3
5,72,1,0,0,3
5,89,-1,0,0,2
5,118,-1,0,0,2
5,120,-1,0,0,0
5,127,-1,0,0,2
5,128,1,1,0,6
5,129,-1,0,0,3
5,130,-1,0,0,2
5,147,-1,0,0,2
5,183,-1,0,0,2
5,214,-1,0,0,0
5,231,-1,0,0,2
5,232,-1,0,0,2
5,252,-1,0,0,2
5,268,-1,0,0,2
5,270,-1,0,0,3
5,277,-1,0,0,0
5,280,1,1,0,7
5,296,-1,0,0,0
5,337,1,0,0,8
5,354,-1,0,0,3
5,366,-1,0,0,1
5,405,-1,0,0,0
5,418,-1,0,0,3
5,423,1,0,0,3
5,434,-1,0,0,1
5,444,0,1,1,2
5,446,-1,0,0,3
5,448,1,0,0,3
5,451,-1,0,0,0
5,485,1,0,0,3
5,486,1,1,1,4
5,492,-1,0,0,2
5,496,-1,0,0,2
5,509,1,1,0,3
5,532,-1,0,0,2
5,536,-1,0,0,3
5,541,-1,0,0,3
5,608,-1,0,0,3
5,643,-1,0,0,1
5,671,-1,0,0,0
5,677,-1,0,0,0
5,711,-1,0,0,2
5,781,1,0,1,6
5,788,-1,0,0,0
5,790,1,0,1,5
5,839,-1,0,0,0
5,848,1,0,1,7
5,856,-1,0,0,3
5,873,-1,0,0,2
5,880,-1,0,0,1
5,891,-1,0,0,3
5,924,-1,0,0,1
5,932,-1,0,0,3
5,933,-1,0,0,1
5,938,1,1,0,4
5,999,-1,0,0,3
5,1026,-1,0,0,1
5,1059,-1,0,0,1
6,21,1,1,1,3
6,44,1,1,0,4
6,72,1,1,0,8
6,89,-1,0,0,1
6,118,1,1,1,3
6,120,-1,0,0,2
6,127,1,1,1,8
6,128,-1,0,0,3
6,129,-1,0,0,2
6,130,1,1,1,3
6,147,-1,0,0,0
6,183,-1,0,0,0
6,214,-1,0,0,1
6,231,-1,0,0,2
6,232,1,1,0,7
6,252,-1,0,0,2
6,268,-1,0,0,2
6,270,-1,0,0,3
6,277,-1,0,0,2
6,280,-1,0,0,2
6,296,1,1,1,5
6,337,-1,0,0,2
6,354,1,1,0,8
6,366,-1,0,0,3
6,405,-1,0,0,3
6,418,-1,0,0,3
6,423,-1,0,0,2
6,434,1,0,0,8
6,446,-1,0,0,0
6,448,-1,0,0,2
6,451,-1,0,0,2
6,485,-1,0,0,2
6,486,-1,0,0,3
6,492,1,0,1,3
6,496,1,0,1,7
6,509,-1,0,0,3
6,532,-1,0,0,1
6,536,-1,0,0,1
6,541,-1,0,0,2
6,608,-1,0,0,2
6,643,1,1,0,3
6,671,1,0,0,8
6,677,-1,0,0,2
6,711,-1,0,0,3
6,781,-1,0,0,2
6,788,-1,0,0,3
6,790,-1,0,0,0
6,839,-1,0,0,2
6,848,-1,0,0,0
6,856,-1,0,0,0
6,873,-1,0,0,1
6,880,1,0,1,3
6,891,-1,0,0,0
6,924,-1,0,0,1
6,932,-1,0,0,0
6,933,-1,0,0,0
6,938,-1,0,0,2
6,999,-1,0,0,0
6,1026,-1,0,0,0
6,1059,1,1,0,5
7,21,-1,0,0,1
7,44,-1,0,0,0
7,72,-1,0,0,2
7,89,1,0,0,4
7,118,-1,0,0,3
7,120,-1,0,0,2
7,127,-1,0,0,0
7,128,1,0,1,7
7,129,1,1,0,5
7,130,1,1,0,4
7,147,1,0,1,7
7,183,-1,0,0,2
7,214,-1,0,0,1
7,231,-1,0,0,3
7,232,-1,0,0,1
7,252,1,0,1,4
7,268,-1,0,0,1
7,270,-1,0,0,0
7,277,-1,0,0,2
7,280,1,1,0,7
7,291,0,0,0,3
7,296,-1,0,0,0
7,337,1,0,1,6
7,354,-1,0,0,1
7,366,1,1,1,3
7,405,1,1,1,8
7,418,1,1,0,5
7,423,-1,0,0,1
7,434,-1,0,0,0
7,446,-1,0,0,2
7,448,-1,0,0,1
7,451,-1,0,0,0
7,485,-1,0,0,3
7,486,-1,0,0,2
7,492,-1,0,0,1
7,496,-1,0,0,2
7,509,-1,0,0,1
7,532,-1,0,0,2
7,536,-1,0,0,3
7,541,-1,0,0,0
7,608,1,1,1,8
7,643,1,0,0,3
7,671,1,0,1,6
7,677,-1,0,0,3
7,711,-1,0,0,1
7,781,-1,0,0,0
7,788,-1,0,0,2
7,790,-1,0,0,0
7,839,-1,0,0,3
7,848,-1,0,0,2
7,856,1,1,1,7
7,873,-1,0,0,3
7,880,-1,0,0,2
7,891,1,0,1,7
7,924,1,1,0,3
7,932,1,1,0,3
7,933,-1,0,0,1
7,938,1,0,0,3
7,999,-1,0,0,1
7,1026,-1,0,0,0
7,1059,-1,0,0,3
8,0,1,1,0,6
8,21,-1,0,0,0
8,44,-1,0,0,0
8,72,-1,0,0,2
8,89,-1,0,0,2
8,118,-1,0,0,3
8,120,-1,0,0,0
8,127,-1,0,0,3
8,128,-1,0,0,2
8,129,-1,0,0,2
8,130,-1,0,0,2
8,147,-1,0,0,0
8,183,-1,0,0,1
8,214,-1,0,0,3
8,231,-1,0,0,1
8,232,-1,0,0,0
8,252,-1,0,0,0
8,268,-1,0,0,2
8,270,-1,0,0,3
8,277,-1,0,0,1
8,280,-1,0,0,3
8,296,-1,0,0,1
8,337,-1,0,0,0
8,354,-1,0,0,2
8,366,-1,0,0,2
8,405,-1,0,0,2
8,418,-1,0,0,0
8,423,-1,0,0,3
8,434,-1,0,0,1
8,446,-1,0,0,0
8,448,-1,0,0,0
8,451,-1,0,0,2
8,485,-1,0,0,1
8,486,-1,0,0,3
8,492,-1,0,0,2
8,496,-1,0,0,0
8,509,-1,0,0,3
8,532,-1,0,0,2
8,536,-1,0,0,3
8,541,-1,0,0,1
8,542,0,1,1,2
8,608,-1,0,0,2
8,643,-1,0,0,3
8,671,-1,0,0,2
8,677,-1,0,0,2
8,711,-1,0,0,3
8,781,-1,0,0,0
8,788,-1,0,0,1
8,790,-1,0,0,3
8,839,-1,0,0,2
8,848,-1,0,0,0
8,856,-1,0,0,1
8,873,-1,0,0,0
8,880,-1,0,0,3
8,891,-1,0,0,3
8,924,-1,0,0,2
8,932,-1,0,0,3
8,933,-1,0,0,1
8,938,-1,0,0,0
8,999,-1,0,0,2
8,1026,-1,0,0,3
8,1059,-1,0,0,1
9,21,-1,0,0,2
9,44,-1,0,0,1
9,72,-1,0,0,2
9,89,-1,0,0,3
9,118,-1,0,0,0
9,120,-1,0,0,0
9,127,-1,0,0,2
9,128,-1,0,0,3
9,129,-1,0,0,0
9,130,-1,0,0,3
9,147,-1,0,0,1
9,183,-1,0,0,1
9,214,-1,0,0,1
9,231,-1,0,0,3
9,232,-1,0,0,2
9,252,-1,0,0,0
9,268,-1,0,0,1
9,270,-1,0,0,2
9,277,-1,0,0,0
9,280,-1,0,0,0
9,296,-1,0,0,3
9,337,-1,0,0,0
9,354,-1,0,0,0
9,366,-1,0,0,2
9,405,-1,0,0,3
9,418,-1,0,0,1
9,423,-1,0,0,3
9,434,-1,0,0,1
9,446,-1,0,0,1
9,448,-1,0,0,1
9,451,-1,0,0,1
9,485,-1,0,0,1
9,486,-1,0,0,3
9,492,-1,0,0,1
9,496,-1,0,0,1
9,509,-1,0,0,2
9,532,-1,0,0,3
9,536,-1,0,0,2
9,541,1,0,1,8
9,608,-1,0,0,3
9,643,-1,0,0,1
9,671,-1,0,0,0
9,677,-1,0,0,2
9,711,-1,0,0,3
9,781,-1,0,0,1
9,788,-1,0,0,3
9,790,-1,0,0,3
9,828,0,0,0,4
9,839,-1,0,0,2
9,848,-1,0,0,1
9,856,-1,0,0,0
9,873,-1,0,0,3
9,880,-1,0,0,0
9,891,-1,0,0,1
9,924,1,1,1,8
9,932,-1,0,0,2
9,933,-1,0,0,1
9,938,-1,0,0,1
9,999,1,0,1,6
9,1026,-1,0,0,0
9,1059,-1,0,0,3
10,21,-1,0,0,2
10,44,-1,0,0,2
10,72,-1,0,0,2
10,89,-1,0,0,0
10,118,-1,0,0,0
10,120,-1,0,0,2
10,127,-1,0,0,3
10,128,-1,0,0,0
10,129,-1,0,0,3
10,130,1,1,0,8
10,147,-1,0,0,1
10,183,-1,0,0,0
10,214,-1,0,0,1
10,231,-1,0,0,3
10,232,-1,0,0,0
10,252,-1,0,0,2
10,268,-1,0,0,1
10,270,-1,0,0,2
10,277,-1,0,0,2
10,280,-1,0,0,2
10,296,-1,0,0,1
10,337,-1,0,0,1
10,354,-1,0,0,3
10,366,1,1,0,3
10,405,-1,0,0,3
10,418,-1,0,0,2
10,423,-1,0,0,3
10,434,-1,0,0,2
10,446,-1,0,0,2
10,448,-1,0,0,3
10,451,1,1,1,6
10,485,-1,0,0,2
10,486,-1,0,0,1
10,492,-1,0,0,1
10,496,-1,0,0,2
10,509,-1,0,0,2
10,532,-1,0,0,1
10,536,-1,0,0,2
10,541,1,1,1,3
10,608,-1,0,0,0
10,643,-1,0,0,2
10,671,-1,0,0,3
10,677,-1,0,0,3
10,711,1,1,0,8
10,781,-1,0,0,1
10,788,-1,0,0,0
10,790,-1,0,0,2
10,839,-1,0,0,2
10,848,-1,0,0,3
10,856,-1,0,0,0
10,873,-1,0,0,2
10,880,1,0,0,8
10,891,-1,0,0,3
10,924,-1,0,0,1
10,932,-1,0,0,3
10,933,-1,0,0,0
10,938,-1,0,0,3
10,999,-1,0,0,2
10,1026,-1,0,0,1
10,1059,-1,0,0,3
11,21,-1,0,0,3
11,44,-1,0,0,2
11,72,-1,0,0,0
11,89,-1,0,0,1
11,118,-1,0,0,0
11,120,-1,0,0,0
11,127,-1,0,0,1
11,128,-1,0,0,3
11,129,-1,0,0,2
11,130,-1,0,0,1
11,147,-1,0,0,2
11,183,-1,0,0,2
11,214,-1,0,0,2
11,231,-1,0,0,0
11,232,-1,0,0,0
11,252,-1,0,0,2
11,268,-1,0,0,0
11,270,-1,0,0,1
11,277,-1,0,0,2
11,280,1,0,1,8
11,296,-1,0,0,3
11,337,1,0,0,6
11,354,-1,0,0,2
11,366,-1,0,0,3
11,405,-1,0,0,3
11,418,-1,0,0,0
11,423,1,1,1,3
11,434,-1,0,0,3
11,446,-1,0,0,1
11,448,-1,0,0,0
11,451,-1,0,0,1
11,485,-1,0,0,0
11,486,-1,0,0,2
11,492,-1,0,0,3
11,496,-1,0,0,1
11,509,-1,0,0,1
11,532,-1,0,0,3
11,536,-1,0,0,2
11,541,-1,0,0,2
11,608,-1,0,0,1
11,643,-1,0,0,3
11,671,-1,0,0,2
11,677,-1,0,0,3
11,711,-1,0,0,0
11,781,-1,0,0,0
11,788,-1,0,0,2
11,790,-1,0,0,3
11,839,-1,0,0,3
11,848,-1,0,0,2
11,856,-1,0,0,2
11,873,-1,0,0,0
11,880,-1,0,0,2
11,891,-1,0,0,2
11,924,-1,0,0,1
11,932,-1,0,0,2
11,933,-1,0,0,0
11,938,-1,0,0,2
11,999,-1,0,0,3
11,1026,-1,0,0,3
11,1059,-1,0,0,0
12,21,-1,0,0,2
12,44,-1,0,0,2
12,72,-1,0,0,1
12,89,-1,0,0,0
12,118,-1,0,0,3
12,120,-1,0,0,0
12,127,-1,0,0,3
12,128,-1,0,0,3
12,129,-1,0,0,1
12,130,-1,0,0,3
12,147,-1,0,0,2
12,170,0,0,0,1
12,183,-1,0,0,3
12,214,-1,0,0,3
12,231,-1,0,0,1
12,232,-1,0,0,1
12,252,-1,0,0,0
12,268,-1,0,0,3
12,270,-1,0,0,1
12,277,-1,0,0,2
12,280,-1,0,0,0
12,296,-1,0,0,1
12,337,-1,0,0,0
12,354,-1,0,0,1
12,366,-1,0,0,1
12,405,-1,0,0,3
12,418,-1,0,0,0
12,423,1,0,1,4
12,434,-1,0,0,3
12,446,-1,0,0,2
12,448,-1,0,0,2
12,451,-1,0,0,0
12,485,-1,0,0,3
12,486,-1,0,0,2
12,492,-1,0,0,0
12,496,-1,0,0,0
12,509,-1,0,0,1
12,532,-1,0,0,0
12,536,-1,0,0,1
12,541,-1,0,0,3
12,608,-1,0,0,1
12,643,-1,0,0,0
12,671,-1,0,0,1
12,677,-1,0,0,1
12,711,-1,0,0,0
12,781,-1,0,0,2
12,788,-1,0,0,3
12,790,-1,0,0,2
12,839,-1,0,0,1
12,848,-1,0,0,2
12,856,-1,0,0,2
12,873,-1,0,0,3
12,880,-1,0,0,3
12,891,-1,0,0,2
12,924,-1,0,0,0
12,932,1,0,1,3
12,933,-1,0,0,1
12,938,1,1,1,8
12,999,-1,0,0,1
12,1026,-1,0,0,1
12,1059,-1,0,0,0
13,21,-1,0,0,3
13,44,-1,0,0,1
13,72,1,0,1,4
13,89,-1,0,0,2
13,118,-1,0,0,1
13,120,-1,0,0,3
13,127,-1,0,0,3
13,128,1,1,1,6
13,129,-1,0,0,0
13,130,-1,0,0,2
13,147,-1,0,0,1
13,183,-1,0,0,3
13,214,-1,0,0,0
13,231,-1,0,0,0
13,232,-1,0,0,1
13,252,-1,0,0,2
13,268,-1,0,0,0
13,270,-1,0,0,0
13,277,-1,0,0,3
13,280,-1,0,0,0
13,296,-1,0,0,3
13,337,-1,0,0,1
13,354,-1,0,0,3
13,366,-1,0,0,0
13,405,-1,0,0,0
13,418,-1,0,0,1
13,423,-1,0,0,3
13,434,-1,0,0,2
13,446,-1,0,0,1
13,448,-1,0,0,2
13,451,-1,0,0,0
13,485,-1,0,0,0
13,486,1,0,0,6
13,492,1,1,0,7
13,496,-1,0,0,2
13,509,1,1,0,5
13,532,1,1,1,3
13,536,-1,0,0,1
13,541,-1,0,0,0
13,608,-1,0,0,1
13,643,-1,0,0,3
13,671,-1,0,0,2
13,677,-1,0,0,2
13,711,-1,0,0,3
13,781,-1,0,0,1
13,788,-1,0,0,1
13,790,-1,0,0,1
13,839,-1,0,0,3
13,848,-1,0,0,1
13,856,-1,0,0,3
13,873,-1,0,0,3
13,880,-1,0,0,3
13,891,-1,0,0,2
13,924,-1,0,0,0
13,932,-1,0,0,2
13,933,-1,0,0,3
13,938,-1,0,0,0
13,999,-1,0,0,1
13,1026,-1,0,0,3
13,1059,-1,0,0,3
14,21,-1,0,0,0
14,44,-1,0,0,1
14,72,-1,0,0,0
14,89,-1,0,0,2
14,118,-1,0,0,1
14,120,-1,0,0,0
14,127,-1,0,0,0
14,128,-1,0,0,2
14,129,-1,0,0,3
14,130,1,1,0,3
14,147,-1,0,0,3
14,183,-1,0,0,0
14,214,-1,0,0,1
14,231,-1,0,0,3
14,232,-1,0,0,2
14,252,-1,0,0,0
14,268,-1,0,0,1
14,270,-1,0,0,1
14,277,-1,0,0,1
14,280,1,0,0,7
14,296,-1,0,0,0
14,337,-1,0,0,1
14,354,-1,0,0,2
14,366,-1,0,0,0
14,405,-1,0,0,0
14,418,-1,0,0,3
14,423,-1,0,0,3
14,434,-1,0,0,0
14,446,-1,0,0,1
14,448,1,0,0,4
14,451,-1,0,0,2
14,485,-1,0,0,3
14,486,-1,0,0,3
14,492,-1,0,0,2
14,496,-1,0,0,1
14,509,-1,0,0,3
14,532,-1,0,0,3
14,536,-1,0,0,1
14,541,-1,0,0,1
14,608,-1,0,0,0
14,643,-1,0,0,3
14,671,1,0,1,5
14,677,-1,0,0,3
14,711,1,1,0,3
14,781,-1,0,0,2
14,788,-1,0,0,1
14,790,-1,0,0,0
14,839,-1,0,0,3
14,848,-1,0,0,2
14,856,-1,0,0,1
14,873,-1,0,0,3
14,880,-1,0,0,3
14,891,1,0,0,5
14,924,1,0,0,8
14,932,-1,0,0,0
14,933,-1,0,0,1
14,938,-1,0,0,2
14,999,-1,0,0,0
14,1026,-1,0,0,1
14,1059,-1,0,0,0
15,21,-1,0,0,3
15,44,-1,0,0,2
15,72,-1,0,0,2
15,89,-1,0,0,0
15,118,1,1,1,4
15,120,-1,0,0,1
15,127,-1,0,0,3
15,128,-1,0,0,0
15,129,1,1,1,3
15,130,1,0,1,4
15,147,-1,0,0,2
15,183,-1,0,0,3
15,214,-1,0,0,2
15,231,-1,0,0,3
15,232,-1,0,0,2
15,252,-1,0,0,0
15,268,-1,0,0,2
15,270,1,0,1,6
15,277,1,0,0,7
15,280,1,0,0,6
15,296,1,1,1,5
15,337,1,1,1,8
15,354,-1,0,0,2
15,366,1,1,1,7
15,405,1,0,1,6
15,418,-1,0,0,3
15,423,1,0,1,6
15,434,1,0,0,5
15,446,-1,0,0,2
15,448,1,0,1,5
15,451,-1,0,0,0
15,484,0,0,0,2
15,485,1,0,0,5
15,486,1,1,1,3
15,492,1,1,1,5
15,496,-1,0,0,3
15,509,-1,0,0,0
15,532,-1,0,0,0
15,536,1,1,1,7
15,541,1,0,1,7
15,608,-1,0,0,2
15,643,-1,0,0,3
15,671,-1,0,0,0
15,677,1,1,1,5
15,711,-1,0,0,0
15,781,-1,0,0,3
15,788,1,0,0,5
15,790,1,1,1,5
15,839,-1,0,0,2
15,848,-1,0,0,2
15,856,-1,0,0,3
15,873,1,1,1,8
15,880,1,0,0,6
15,891,-1,0,0,3
15,924,-1,0,0,3
15,932,-1,0,0,2
15,933,-1,0,0,3
15,938,1,0,0,7
15,999,-1,0,0,1
15,1026,-1,0,0,0
15,1059,1,0,1,8
16,21,-1,0,0,0
16,44,-1,0,0,1
16,72,1,0,0,5
16,89,-1,0,0,0
16,118,-1,0,0,0
16,120,-1,0,0,0
16,127,-1,0,0,1
16,128,1,0,1,6
16,129,1,1,0,8
16,130,-1,0,0,1
16,147,-1,0,0,1
16,183,-1,0,0,1
16,214,-1,0,0,3
16,231,-1,0,0,2
16,232,-1,0,0,3
16,252,-1,0,0,3
16,268,-1,0,0,1
16,270,-1,0,0,1
16,277,-1,0,0,0
16,280,1,1,1,5
16,296,-1,0,0,2
16,337,-1,0,0,3
16,354,-1,0,0,2
16,366,-1,0,0,1
16,405,-1,0,0,0
16,418,-1,0,0,0
16,423,-1,0,0,0
16,434,-1,0,0,2
16,446,-1,0,0,0
16,448,-1,0,0,1
16,451,-1,0,0,2
16,485,-1,0,0,1
16,486,-1,0,0,3
16,492,-1,0,0,1
16,496,-1,0,0,3
16,509,-1,0,0,2
16,532,-1,0,0,2
16,536,-1,0,0,1
16,541,-1,0,0,2
16,608,-1,0,0,3
16,643,-1,0,0,2
16,671,-1,0,0,0
16,677,-1,0,0,0
16,711,-1,0,0,1
16,781,-1,0,0,0
16,788,-1,0,0,1
16,790,-1,0,0,0
16,839,-1,0,0,0
16,848,1,1,1,7
16,856,-1,0,0,0
16,873,-1,0,0,0
16,880,-1,0,0,2
16,891,-1,0,0,1
16,924,-1,0,0,0
16,932,-1,0,0,2
16,933,-1,0,0,3
16,938,-1,0,0,0
16,999,-1,0,0,2
16,1026,-1,0,0,2
16,1059,-1,0,0,1
17,21,-1,0,0,3
17,44,-1,0,0,1
17,72,-1,0,0,1
17,89,-1,0,0,0
17,118,-1,0,0,1
17,120,-1,0,0,0
17,127,-1,0,0,2
17,128,-1,0,0,0
17,129,-1,0,0,0
17,130,1,0,1,8
17,147,-1,0,0,2
17,183,-1,0,0,2
17,214,-1,0,0,3
17,231,-1,0,0,2
17,232,-1,0,0,1
17,252,-1,0,0,3
17,268,-1,0,0,1
17,270,-1,0,0,1
17,277,-1,0,0,1
17,280,-1,0,0,1
17,296,-1,0,0,2
17,337,-1,0,0,1
17,354,-1,0,0,0
17,366,-1,0,0,0
17,405,-1,0,0,1
17,418,-1,0,0,1
17,423,-1,0,0,0
17,434,-1,0,0,2
17,446,-1,0,0,1
17,448,-1,0,0,1
17,451,-1,0,0,0
17,485,-1,0,0,2
17,486,-1,0,0,2
17,492,-1,0,0,0
17,496,-1,0,0,1
17,498,0,0,1,4
17,509,-1,0,0,1
17,532,-1,0,0,0
17,536,-1,0,0,3
17,541,-1,0,0,0
17,608,-1,0,0,2
17,643,-1,0,0,3
17,671,-1,0,0,2
17,677,-1,0,0,2
17,711,-1,0,0,1
17,781,-1,0,0,3
17,788,-1,0,0,1
17,790,-1,0,0,0
17,839,-1,0,0,0
17,848,-1,0,0,1
17,856,-1,0,0,3
17,873,-1,0,0,0
17,880,-1,0,0,0
17,891,-1,0,0,3
17,924,-1,0,0,0
17,932,-1,0,0,1
17,933,-1,0,0,0
17,938,-1,0,0,1
17,999,-1,0,0,2
17,1026,-1,0,0,2
17,1059,-1,0,0,3
18,21,-1,0,0,1
18,44,-1,0,0,1
18,72,-1,0,0,1
18,89,-1,0,0,1
18,118,-1,0,0,2
18,120,-1,0,0,3
18,127,-1,0,0,0
18,128,-1,0,0,2
18,129,-1,0,0,0
18,130,1,1,0,4
18,147,-1,0,0,1
18,183,-1,0,0,0
18,214,-1,0,0,1
18,231,-1,0,0,0
18,232,-1,0,0,3
18,252,1,0,1,6
18,268,-1,0,0,2
18,270,-1,0,0,3
18,277,-1,0,0,3
18,280,-1,0,0,2
18,296,-1,0,0,0
18,337,-1,0,0,1
18,354,-1,0,0,3
18,366,-1,0,0,2
18,405,-1,0,0,2
18,418,-1,0,0,0
18,423,-1,0,0,1
18,434,1,1,1,5
18,446,-1,0,0,0
18,448,-1,0,0,1
18,451,1,0,1,7
18,485,-1,0,0,3
18,486,-1,0,0,2
18,492,-1,0,0,0
18,496,-1,0,0,2
18,509,-1,0,0,2
18,532,-1,0,0,3
18,536,-1,0,0,2
18,541,-1,0,0,2
18,545,0,1,0,3
18,608,-1,0,0,2
18,643,-1,0,0,1
18,671,1,1,0,6
18,677,-1,0,0,0
18,711,-1,0,0,1
18,781,-1,0,0,0
18,788,-1,0,0,1
18,790,-1,0,0,1
18,839,-1,0,0,3
18,848,-1,0,0,0
18,856,-1,0,0,3
18,873,-1,0,0,0
18,880,-1,0,0,0
18,891,-1,0,0,0
18,924,-1,0,0,3
18,932,-1,0,0,2
18,933,-1,0,0,1
18,938,-1,0,0,2
18,999,-1,0,0,1
18,1026,-1,0,0,3
18,1059,-1,0,0,2
19,21,-1,0,0,2
19,44,-1,0,0,2
19,72,-1,0,0,2
19,89,-1,0,0,1
19,118,-1,0,0,3
19,120,-1,0,0,3
19,127,-1,0,0,0
19,128,-1,0,0,3
19,129,-1,0,0,3
19,130,-1,0,0,1
19,147,-1,0,0,2
19,183,-1,0,0,2
19,214,-1,0,0,0
19,231,-1,0,0,1
19,232,-1,0,0,3
19,252,-1,0,0,0
19,268,-1,0,0,2
19,270,-1,0,0,1
19,277,-1,0,0,1
19,280,1,1,1,7
19,296,-1,0,0,3
19,337,-1,0,0,0
19,354,-1,0,0,0
19,366,-1,0,0,2
19,405,-1,0,0,2
19,418,-1,0,0,0
19,423,-1,0,0,2
19,434,-1,0,0,1
19,446,-1,0,0,2
19,448,-1,0,0,3
19,451,-1,0,0,1
19,485,-1,0,0,0
19,486,1,0,1,8
19,492,-1,0,0,2
19,496,-1,0,0,3
19,509,-1,0,0,3
19,532,-1,0,0,0
19,536,-1,0,0,3
19,541,1,1,0,4
19,608,-1,0,0,0
19,635,0,0,0,4
19,643,-1,0,0,2
19,671,-1,0,0,1
19,677,-1,0,0,0
19,711,-1,0,0,1
19,781,-1,0,0,0
19,788,-1,0,0,2
19,790,-1,0,0,2
19,839,-1,0,0,2
19,848,-1,0,0,3
19,856,-1,0,0,0
19,873,-1,0,0,2
19,880,-1,0,0,0
19,891,-1,0,0,3
19,924,1,0,0,7
19,932,-1,0,0,0
19,933,-1,0,0,0
19,938,-1,0,0,1
19,999,-1,0,0,2
19,1026,-1,0,0,3
19,1059,-1,0,0,2
20,21,-1,0,0,1
20,44,-1,0,0,3
20,72,1,0,0,8
20,89,-1,0,0,2
20,118,-1,0,0,3
20,120,-1,0,0,2
20,121,0,0,1,2
20,127,-1,0,0,2
20,128,1,1,0,4
20,129,1,0,1,8
20,130,1,0,0,6
20,147,-1,0,0,3
20,183,-1,0,0,1
20,214,-1,0,0,0
20,231,-1,0,0,1
20,232,-1,0,0,1
20,252,-1,0,0,0
20,268,-1,0,0,3
20,270,-1,0,0,3
20,277,1,0,1,3
20,280,-1,0,0,3
20,296,-1,0,0,3
20,337,-1,0,0,1
20,354,-1,0,0,0
20,366,-1,0,0,1
20,405,-1,0,0,2
20,418,-1,0,0,1
20,423,1,1,0,4
20,434,-1,0,0,2
20,446,-1,0,0,1
20,448,-1,0,0,1
20,451,-1,0,0,0
20,485,-1,0,0,2
20,486,-1,0,0,2
20,492,-1,0,0,2
20,496,-1,0,0,0
20,509,-1,0,0,2
20,532,-1,0,0,0
20,536,-1,0,0,3
20,541,-1,0,0,0
20,608,-1,0,0,0
20,643,-1,0,0,3
20,671,1,0,0,6
20,677,-1,0,0,1
20,711,-1,0,0,0
20,781,-1,0,0,3
20,788,-1,0,0,3
20,790,1,0,0,4
20,839,-1,0,0,2
20,848,-1,0,0,1
20,856,1,1,0,4
20,873,-1,0,0,1
20,880,-1,0,0,0
20,891,-1,0,0,0
20,924,-1,0,0,3
20,932,1,1,0,6
20,933,-1,0,0,3
20,938,-1,0,0,2
20,999,-1,0,0,2
20,1026,-1,0,0,2
20,1059,-1,0,0,1
21,21,-1,0,0,1
21,44,-1,0,0,1
21,72,-1,0,0,3
21,89,1,1,1,3
21,118,-1,0,0,0
21,120,-1,0,0,2
21,127,-1,0,0,2
21,128,-1,0,0,0
21,129,-1,0,0,2
21,130,-1,0,0,1
21,147,-1,0,0,2
21,183,1,0,1,6
21,214,-1,0,0,2
21,231,-1,0,0,2
21,232,-1,0,0,2
21,252,-1,0,0,3
21,268,-1,0,0,3
21,270,-1,0,0,0
21,277,-1,0,0,0
21,280,1,0,1,8
21,296,-1,0,0,3
21,337,-1,0,0,2
21,354,-1,0,0,1
21,360,0,0,0,3
21,366,1,0,0,5
21,405,-1,0,0,1
21,418,-1,0,0,1
21,423,-1,0,0,2
21,434,-1,0,0,3
21,446,-1,0,0,2
21,448,-1,0,0,3
21,451,-1,0,0,2
21,485,-1,0,0,2
21,486,-1,0,0,3
21,492,1,1,1,4
21,496,-1,0,0,0
21,509,-1,0,0,2
21,532,1,0,1,3
21,536,-1,0,0,0
21,541,-1,0,0,1
21,608,-1,0,0,1
21,643,-1,0,0,2
21,671,-1,0,0,0
21,677,-1,0,0,0
21,711,1,0,1,6
21,781,-1,0,0,0
21,788,-1,0,0,2
21,790,-1,0,0,3
21,839,-1,0,0,0
21,848,-1,0,0,0
21,856,-1,0,0,3
21,873,-1,0,0,3
21,880,-1,0,0,2
21,891,-1,0,0,3
21,924,1,0,0,6
21,932,1,0,1,7
21,933,1,0,0,3
21,938,-1,0,0,1
21,999,-1,0,0,2
21,1026,-1,0,0,2
21,1059,-1,0,0,2
22,21,-1,0,0,3
22,44,-1,0,0,1
22,72,-1,0,0,2
22,89,-1,0,0,1
22,118,-1,0,0,2
22,120,-1,0,0,0
22,127,-1,0,0,1
22,128,-1,0,0,0
22,129,-1,0,0,0
22,130,1,1,0,7
22,147,-1,0,0,2
22,183,-1,0,0,1
22,214,-1,0,0,1
22,231,-1,0,0,2
22,232,-1,0,0,1
22,252,1,0,0,8
22,268,-1,0,0,2
22,270,-1,0,0,3
22,277,1,0,1,7
22,280,-1,0,0,0
22,296,-1,0,0,2
22,316,0,1,0,2
22,337,1,1,0,4
22,354,-1,0,0,0
22,366,-1,0,0,3
22,405,-1,0,0,2
22,418,-1,0,0,0
22,423,-1,0,0,1
22,434,-1,0,0,2
22,446,-1,0,0,0
22,448,-1,0,0,1
22,451,-1,0,0,3
22,485,-1,0,0,2
22,486,-1,0,0,1
22,492,-1,0,0,1
22,496,-1,0,0,2
22,509,-1,0,0,0
22,532,-1,0,0,3
22,536,-1,0,0,2
22,541,-1,0,0,2
22,608,1,1,1,8
22,643,-1,0,0,2
22,671,1,1,1,4
22,677,-1,0,0,3
22,711,-1,0,0,2
22,781,-1,0,0,2
22,788,1,0,0,3
22,790,-1,0,0,2
22,839,-1,0,0,1
22,848,-1,0,0,2
22,856,1,0,1,5
22,873,-1,0,0,3
22,880,-1,0,0,3
22,891,-1,0,0,1
22,924,-1,0,0,3
22,932,-1,0,0,3
22,933,-1,0,0,1
22,938,1,0,1,7
22,999,-1,0,0,2
22,1026,-1,0,0,2
22,1059,-1,0,0,1
23,21,-1,0,0,3
23,44,-1,0,0,3
23,72,1,1,1,3
23,89,-1,0,0,2
23,118,-1,0,0,0
23,120,-1,0,0,2
23,127,-1,0,0,3
23,128,-1,0,0,2
23,129,-1,0,0,2
23,130,1,0,1,3
23,147,-1,0,0,1
23,183,-1,0,0,3
23,214,-1,0,0,2
23,231,-1,0,0,1
23,232,-1,0,0,3
23,252,-1,0,0,0
23,268,-1,0,0,1
23,270,-1,0,0,0
23,277,-1,0,0,2
23,280,-1,0,0,1
23,296,-1,0,0,1
23,337,-1,0,0,1
23,354,-1,0,0,3
23,366,-1,0,0,3
23,400,0,1,0,1
23,405,-1,0,0,1
23,418,1,0,1,6
23,423,-1,0,0,1
23,434,-1,0,0,3
23,446,-1,0,0,0
23,448,1,1,0,7
23,451,-1,0,0,0
23,485,-1,0,0,1
23,486,-1,0,0,2
23,492,-1,0,0,1
23,496,-1,0,0,2
23,509,-1,0,0,0
23,532,-1,0,0,1
23,536,-1,0,0,0
23,541,-1,0,0,3
23,608,-1,0,0,3
23,643,-1,0,0,2
23,671,1,1,1,7
23,677,-1,0,0,2
23,711,-1,0,0,1
23,781,-1,0,0,2
23,788,-1,0,0,0
23,790,-1,0,0,2
23,839,-1,0,0,2
23,848,-1,0,0,1
23,856,-1,0,0,0
23,873,-1,0,0,1
23,880,-1,0,0,0
23,891,-1,0,0,3
23,924,1,0,1,5
23,932,-1,0,0,2
23,933,-1,0,0,0
23,938,-1,0,0,1
23,999,-1,0,0,1
23,1026,-1,0,0,0
23,1059,-1,0,0,0
24,21,1,0,1,3
24,44,-1,0,0,3
24,72,1,1,0,8
24,89,-1,0,0,1
24,118,1,1,0,4
24,120,-1,0,0,0
24,127,-1,0,0,1
24,128,1,0,1,3
24,129,-1,0,0,1
24,130,1,1,1,8
24,147,1,0,1,6
24,183,-1,0,0,1
24,214,-1,0,0,2
24,231,-1,0,0,2
24,232,1,0,1,5
24,252,-1,0,0,2
24,268,-1,0,0,3
24,270,1,1,1,4
24,277,-1,0,0,3
24,280,1,1,1,6
24,296,1,0,0,3
24,337,1,1,1,4
24,354,1,0,0,3
24,366,-1,0,0,1
24,405,1,0,1,3
24,418,-1,0,0,1
24,423,-1,0,0,0
24,434,1,1,1,8
24,446,-1,0,0,0
24,448,1,1,1,7
24,451,1,0,0,4
24,485,-1,0,0,1
24,486,1,0,0,8
24,492,1,0,0,4
24,496,-1,0,0,0
24,509,1,1,1,5
24,532,1,1,1,4
24,536,-1,0,0,3
24,541,-1,0,0,2
24,608,1,1,0,6
24,643,1,1,0,7
24,671,-1,0,0,2
24,677,-1,0,0,3
24,711,1,0,0,5
24,781,1,1,0,5
24,788,-1,0,0,2
24,790,-1,0,0,2
24,839,-1,0,0,3
24,848,-1,0,0,2
24,856,-1,0,0,2
24,873,-1,0,0,2
24,880,1,1,0,4
24,891,1,1,1,8
24,924,-1,0,0,1
24,932,1,1,1,8
24,933,-1,0,0,3
24,938,1,1,0,5
24,999,1,0,0,5
24,1026,-1,0,0,0
24,1059,-1,0,0,0
25,21,-1,0,0,3
25,44,-1,0,0,1
25,72,1,0,1,4
25,89,-1,0,0,0
25,118,-1,0,0,3
25,120,-1,0,0,0
25,127,-1,0,0,2
25,128,-1,0,0,3
25,129,1,0,1,6
25,130,1,1,0,6
25,147,1,0,1,4
25,183,-1,0,0,0
25,214,-1,0,0,1
25,231,-1,0,0,3
25,232,-1,0,0,0
25,252,-1,0,0,0
25,268,-1,0,0,0
25,270,-1,0,0,2
25,277,1,1,1,4
25,280,1,1,0,8
25,296,-1,0,0,0
25,337,-1,0,0,2
25,354,-1,0,0,1
25,366,1,1,1,4
25,405,-1,0,0,0
25,418,-1,0,0,3
25,423,1,1,0,4
25,434,-1,0,0,3
25,446,-1,0,0,3
25,448,-1,0,0,1
25,451,-1,0,0,3
25,485,-1,0,0,2
25,486,1,1,0,6
25,492,-1,0,0,3
25,496,-1,0,0,0
25,509,-1,0,0,1
25,532,-1,0,0,1
25,536,-1,0,0,0
25,541,-1,0,0,0
25,608,-1,0,0,1
25,643,-1,0,0,3
25,671,1,1,0,3
25,677,1,0,1,6
25,711,-1,0,0,3
25,735,0,1,1,1
25,781,-1,0,0,2
25,788,-1,0,0,0
25,790,-1,0,0,1
25,839,-1,0,0,3
25,848,-1,0,0,0
25,856,1,0,0,4
25,873,-1,0,0,2
25,880,-1,0,0,0
25,891,-1,0,0,3
25,924,-1,0,0,0
25,932,1,0,0,7
25,933,-1,0,0,3
25,938,-1,0,0,3
25,999,-1,0,0,3
25,1026,-1,0,0,2
25,1059,-1,0,0,2
26,21,-1,0,0,1
26,44,-1,0,0,3
26,72,-1,0,0,2
26,89,-1,0,0,0
26,118,-1,0,0,2
26,120,-1,0,0,3
26,127,-1,0,0,0
26,128,1,1,0,4
26,129,-1,0,0,0
26,130,1,1,0,6
26,147,1,1,0,7
26,183,-1,0,0,3
26,214,-1,0,0,0
26,231,-1,0,0,3
26,232,-1,0,0,2
26,252,1,0,0,8
26,268,-1,0,0,3
26,270,-1,0,0,0
26,277,-1,0,0,0
26,280,1,1,0,6
26,296,-1,0,0,1
26,337,1,1,1,5
26,354,-1,0,0,1
26,366,-1,0,0,1
26,405,-1,0,0,0
26,418,-1,0,0,2
26,423,-1,0,0,3
26,434,-1,0,0,3
26,446,-1,0,0,1
26,448,-1,0,0,1
26,451,-1,0,0,0
26,485,-1,0,0,1
26,486,1,1,1,4
26,492,-1,0,0,1
26,496,-1,0,0,3
26,509,-1,0,0,1
26,532,-1,0,0,2
26,536,-1,0,0,3
26,541,-1,0,0,2
26,571,0,0,0,0
26,608,1,1,1,4
26,643,-1,0,0,2
26,671,1,0,1,5
26,677,-1,0,0,0
26,711,1,0,1,5
26,781,-1,0,0,2
26,788,-1,0,0,0
26,790,1,1,0,6
26,839,-1,0,0,0
26,848,-1,0,0,1
26,856,-1,0,0,3
26,873,-1,0,0,0
26,880,1,1,1,4
26,891,1,0,0,5
26,924,-1,0,0,0
26,932,1,1,1,7
26,933,-1,0,0,3
26,938,-1,0,0,2
26,999,1,0,0,5
26,1026,-1,0,0,3
26,1059,-1,0,0,0
27,21,-1,0,0,0
27,44,-1,0,0,0
27,72,-1,0,0,3
27,89,-1,0,0,2
27,118,-1,0,0,1
27,120,-1,0,0,1
27,127,1,1,0,7
27,128,-1,0,0,0
27,129,-1,0,0,2
27,130,-1,0,0,1
27,147,1,1,1,4
27,183,1,0,1,3
27,214,-1,0,0,0
27,231,-1,0,0,0
27,232,1,0,1,6
27,252,-1,0,0,1
27,268,1,0,0,8
27,270,-1,0,0,1
27,277,-1,0,0,2
27,280,1,1,0,3
27,296,-1,0,0,0
27,337,1,1,0,7
27,354,1,0,0,8
27,366,1,0,1,6
27,402,0,0,1,4
27,405,1,0,0,7
27,418,-1,0,0,0
27,423,-1,0,0,2
27,434,-1,0,0,2
27,446,-1,0,0,0
27,448,1,0,1,8
27,451,-1,0,0,2
27,485,-1,0,0,1
27,486,1,0,1,3
27,492,-1,0,0,3
27,496,-1,0,0,1
27,509,1,1,1,8
27,532,-1,0,0,3
27,536,-1,0,0,2
27,541,1,1,0,7
27,608,-1,0,0,1
27,643,-1,0,0,3
27,671,1,1,1,7
27,677,-1,0,0,2
27,711,1,1,0,5
27,781,-1,0,0,2
27,788,-1,0,0,1
27,790,-1,0,0,3
27,839,-1,0,0,3
27,848,-1,0,0,1
27,856,1,1,1,6
27,873,-1,0,0,1
27,880,1,1,0,6
27,891,-1,0,0,1
27,924,1,0,0,5
27,932,1,1,0,6
27,933,-1,0,0,0
27,938,1,1,1,4
27,999,-1,0,0,0
27,1026,1,1,1,4
27,1059,-1,0,0,1
28,21,-1,0,0,1
28,32,0,0,1,1
28,44,-1,0,0,1
28,72,-1,0,0,3
28,89,-1,0,0,3
28,118,-1,0,0,0
28,120,1,1,0,6
28,127,1,0,1,8
28,128,1,0,0,5
28,129,-1,0,0,1
28,130,1,0,0,8
28,147,1,0,1,4
28,183,1,0,0,6
28,214,-1,0,0,3
28,231,-1,0,0,2
28,232,1,0,1,7
28,252,1,1,1,5
28,268,-1,0,0,1
28,270,-1,0,0,1
28,277,1,1,0,6
28,280,-1,0,0,1
28,296,-1,0,0,2
28,337,1,1,1,6
28,354,-1,0,0,3
28,366,1,1,1,6
28,405,1,0,1,4
28,418,1,1,1,8
28,423,-1,0,0,1
28,434,-1,0,0,0
28,446,-1,0,0,0
28,448,-1,0,0,2
28,451,1,1,1,7
28,485,1,0,1,4
28,486,1,1,1,3
28,492,1,1,1,3
28,496,-1,0,0,2
28,509,-1,0,0,2
28,532,-1,0,0,1
28,536,-1,0,0,0
28,541,1,0,1,5
28,608,1,0,1,4
28,643,-1,0,0,2
28,671,-1,0,0,0
28,677,-1,0,0,3
28,711,1,1,0,8
28,781,-1,0,0,0
28,788,-1,0,0,2
28,790,-1,0,0,3
28,839,1,0,0,4
28,848,-1,0,0,3
28,856,-1,0,0,2
28,873,-1,0,0,0
28,880,-1,0,0,0
28,891,-1,0,0,2
28,924,1,1,0,5
28,932,-1,0,0,2
28,933,-1,0,0,2
28,938,1,0,1,7
28,999,1,1,0,7
28,1026,1,0,1,4
28,1059,-1,0,0,2
29,21,1,0,1,4
29,44,-1,0,0,2
29,72,-1,0,0,1
29,89,-1,0,0,3
29,118,-1,0,0,2
29,120,-1,0,0,1
29,127,1,1,0,4
29,128,1,0,0,5
29,129,-1,0,0,3
29,130,1,0,1,4
29,147,-1,0,0,2
29,183,1,0,1,6
29,214,-1,0,0,2
29,231,-1,0,0,1
29,232,-1,0,0,0
29,252,1,1,0,5
29,268,-1,0,0,0
29,270,-1,0,0,3
29,277,1,0,0,6
29,280,1,0,0,8
29,296,-1,0,0,3
29,337,-1,0,0,0
29,354,-1,0,0,0
29,366,-1,0,0,2
29,405,1,1,0,8
29,418,-1,0,0,1
29,423,1,1,1,4
29,434,-1,0,0,1
29,442,0,1,1,2
29,446,-1,0,0,0
29,448,1,0,1,8
29,451,-1,0,0,1
29,485,-1,0,0,0
29,486,1,0,1,8
29,492,1,0,1,7
29,496,-1,0,0,0
29,509,-1,0,0,1
29,532,-1,0,0,0
29,536,-1,0,0,2
29,541,-1,0,0,2
29,608,1,0,1,8
29,643,-1,0,0,1
29,671,1,0,0,8
29,677,-1,0,0,2
29,711,-1,0,0,1
29,781,-1,0,0,3
29,788,-1,0,0,1
29,790,-1,0,0,1
29,839,-1,0,0,2
29,848,-1,0,0,3
29,856,1,0,1,8
29,873,-1,0,0,3
29,880,1,1,0,7
29,891,-1,0,0,2
29,924,-1,0,0,1
29,932,-1,0,0,1
29,933,-1,0,0,1
29,938,-1,0,0,0
29,999,-1,0,0,3
29,1026,-1,0,0,1
29,1059,-1,0,0,0
30,21,-1,0,0,0
30,44,-1,0,0,2
30,72,-1,0,0,1
30,89,-1,0,0,1
30,118,-1,0,0,1
30,120,-1,0,0,2
30,127,-1,0,0,3
30,128,-1,0,0,1
30,129,-1,0,0,3
30,130,1,0,0,8
30,147,1,1,1,8
30,183,-1,0,0,0
30,214,-1,0,0,1
30,231,-1,0,0,3
30,232,1,1,1,4
30,252,-1,0,0,0
30,268,1,0,0,6
30,270,-1,0,0,3
30,277,1,1,1,7
30,280,1,0,0,7
30,296,1,0,0,4
30,337,-1,0,0,0
30,354,-1,0,0,3
30,366,1,0,0,4
30,405,-1,0,0,3
30,418,-1,0,0,0
30,423,1,1,0,5
30,434,-1,0,0,0
30,446,-1,0,0,2
30,448,-1,0,0,2
30,451,-1,0,0,1
30,485,-1,0,0,2
30,486,1,1,0,7
30,492,-1,0,0,2
30,496,-1,0,0,1
30,509,-1,0,0,3
30,532,-1,0,0,2
30,536,-1,0,0,0
30,541,-1,0,0,3
30,608,1,0,1,7
30,643,-1,0,0,1
30,671,1,1,0,7
30,677,-1,0,0,2
30,711,-1,0,0,2
30,781,-1,0,0,1
30,788,-1,0,0,1
30,790,-1,0,0,0
30,839,-1,0,0,1
30,848,-1,0,0,2
30,856,1,0,0,4
30,873,1,0,0,5
30,880,-1,0,0,0
30,891,-1,0,0,1
30,924,-1,0,0,2
30,932,-1,0,0,3
30,933,-1,0,0,3
30,938,-1,0,0,2
30,999,-1,0,0,1
30,1026,-1,0,0,2
30,1059,-1,0,0,3
31,21,-1,0,0,3
31,44,-1,0,0,1
31,72,-1,0,0,3
31,89,-1,0,0,2
31,118,-1,0,0,1
31,120,-1,0,0,3
31,127,-1,0,0,0
31,128,1,0,0,3
31,129,-1,0,0,3
31,130,-1,0,0,0
31,147,-1,0,0,1
31,183,-1,0,0,1
31,214,-1,0,0,1
31,231,-1,0,0,1
31,232,-1,0,0,1
31,252,-1,0,0,0
31,268,-1,0,0,3
31,270,-1,0,0,0
31,277,-1,0,0,1
31,280,-1,0,0,3
31,296,-1,0,0,1
31,337,-1,0,0,2
31,354,-1,0,0,0
31,366,1,1,1,7
31,405,-1,0,0,1
31,418,-1,0,0,1
31,423,1,1,1,7
31,434,-1,0,0,3
31,446,-1,0,0,2
31,448,-1,0,0,3
31,451,-1,0,0,3
31,485,-1,0,0,3
31,486,-1,0,0,0
31,492,1,0,0,3
31,496,-1,0,0,2
31,509,-1,0,0,2
31,532,-1,0,0,0
31,536,-1,0,0,3
31,541,-1,0,0,0
31,608,-1,0,0,2
31,643,-1,0,0,3
31,671,-1,0,0,0
31,677,-1,0,0,0
31,711,-1,0,0,1
31,781,-1,0,0,0
31,788,-1,0,0,1
31,790,-1,0,0,1
31,839,-1,0,0,0
31,848,-1,0,0,1
31,856,-1,0,0,3
31,873,-1,0,0,3
31,880,-1,0,0,3
31,891,-1,0,0,2
31,924,-1,0,0,2
31,932,1,1,1,7
31,933,-1,0,0,3
31,938,-1,0,0,0
31,999,-1,0,0,1
31,1026,-1,0,0,2
31,1050,0,1,0,3
31,1059,-1,0,0,3
32,21,-1,0,0,1
32,44,-1,0,0,3
32,72,-1,0,0,0
32,89,-1,0,0,2
32,118,-1,0,0,2
32,120,-1,0,0,2
32,127,-1,0,0,1
32,128,1,1,1,8
32,129,-1,0,0,2
32,130,1,1,0,8
32,147,1,0,1,6
32,183,-1,0,0,1
32,214,-1,0,0,3
32,231,-1,0,0,3
32,232,1,1,0,3
32,252,-1,0,0,0
32,268,-1,0,0,1
32,270,-1,0,0,2
32,277,1,0,1,5
32,280,1,1,1,4
32,296,-1,0,0,0
32,317,0,0,1,2
32,337,1,0,0,3
32,354,-1,0,0,1
32,366,1,1,1,8
32,405,1,0,0,3
32,418,-1,0,0,2
32,423,-1,0,0,1
32,434,-1,0,0,1
32,446,-1,0,0,3
32,448,-1,0,0,1
32,451,-1,0,0,2
32,485,-1,0,0,3
32,486,-1,0,0,1
32,492,-1,0,0,2
32,496,-1,0,0,1
32,509,-1,0,0,1
32,532,-1,0,0,1
32,536,-1,0,0,3
32,541,-1,0,0,1
32,608,-1,0,0,0
32,643,-1,0,0,3
32,671,1,0,0,4
32,677,-1,0,0,0
32,711,-1,0,0,2
32,781,-1,0,0,1
32,788,-1,0,0,3
32,790,-1,0,0,3
32,839,-1,0,0,0
32,848,-1,0,0,0
32,856,-1,0,0,2
32,873,-1,0,0,0
32,880,-1,0,0,0
32,891,-1,0,0,3
32,924,1,0,0,6
32,932,-1,0,0,3
32,933,-1,0,0,2
32,938,-1,0,0,3
32,999,-1,0,0,3
32,1026,-1,0,0,3
32,1059,-1,0,0,0
33,21,1,1,1,4
33,44,-1,0,0,3
33,72,-1,0,0,1
33,89,-1,0,0,3
33,118,-1,0,0,0
33,120,1,1,0,3
33,127,-1,0,0,0
33,128,1,0,1,6
33,129,-1,0,0,3
33,130,-1,0,0,1
33,147,-1,0,0,2
33,183,-1,0,0,0
33,214,-1,0,0,0
33,231,-1,0,0,3
33,232,1,0,0,6
33,252,-1,0,0,0
33,268,1,0,1,6
33,270,1,0,1,3
33,277,1,1,1,5
33,280,1,0,1,6
33,296,-1,0,0,1
33,337,1,0,1,4
33,354,1,1,0,7
33,366,1,1,1,7
33,405,-1,0,0,2
33,418,1,1,0,5
33,423,1,0,1,5
33,434,1,0,1,3
33,446,1,0,1,3
33,448,-1,0,0,0
33,451,-1,0,0,2
33,485,-1,0,0,1
33,486,1,1,1,4
33,492,-1,0,0,0
33,496,-1,0,0,0
33,509,1,0,1,7
33,532,1,1,0,4
33,536,-1,0,0,2
33,541,-1,0,0,0
33,608,1,1,0,4
33,643,1,0,1,8
33,671,1,0,0,3
33,677,1,1,1,4
33,711,-1,0,0,1
33,781,-1,0,0,1
33,788,1,0,1,7
33,790,-1,0,0,0
33,839,-1,0,0,0
33,848,-1,0,0,3
33,856,1,1,0,3
33,873,-1,0,0,1
33,880,-1,0,0,2
33,891,1,1,0,7
33,924,1,1,1,8
33,932,-1,0,0,0
33,933,-1,0,0,2
33,938,1,0,1,8
33,999,-1,0,0,2
33,1026,-1,0,0,3
33,1059,-1,0,0,3
34,21,1,0,0,4
34,44,-1,0,0,2
34,72,1,0,0,4
34,89,-1,0,0,0
34,118,-1,0,0,2
34,120,-1,0,0,2
34,127,-1,0,0,2
34,128,1,0,0,3
34,129,-1,0,0,2
34,130,1,1,0,4
34,147,-1,0,0,1
34,183,-1,0,0,3
34,214,-1,0,0,3
34,231,-1,0,0,0
34,232,-1,0,0,0
34,252,-1,0,0,3
34,268,-1,0,0,1
34,270,-1,0,0,1
34,277,-1,0,0,0
34,280,1,1,1,5
34,296,-1,0,0,3
34,337,-1,0,0,3
34,354,-1,0,0,3
34,366,-1,0,0,1
34,405,-1,0,0,3
34,418,-1,0,0,3
34,423,-1,0,0,0
34,434,-1,0,0,3
34,446,-1,0,0,3
34,448,1,1,1,3
34,451,-1,0,0,0
34,485,-1,0,0,0
34,486,-1,0,0,3
34,492,1,0,1,6
34,496,-1,0,0,0
34,509,-1,0,0,1
34,532,-1,0,0,2
34,536,-1,0,0,0
34,541,-1,0,0,1
34,608,1,1,1,7
34,643,-1,0,0,1
34,671,1,0,0,5
34,677,-1,0,0,3
34,711,-1,0,0,1
34,781,1,1,1,4
34,788,-1,0,0,2
34,790,-1,0,0,3
34,839,-1,0,0,1
34,848,-1,0,0,1
34,856,-1,0,0,3
34,873,-1,0,0,3
34,880,-1,0,0,2
34,891,1,0,1,6
34,924,1,1,0,4
34,932,-1,0,0,1
34,933,-1,0,0,1
34,938,-1,0,0,3
34,999,-1,0,0,2
34,1026,-1,0,0,2
34,1059,-1,0,0,2
35,21,1,1,0,7
35,44,-1,0,0,0
35,72,1,0,0,8
35,89,-1,0,0,1
35,118,-1,0,0,2
35,120,-1,0,0,2
35,127,-1,0,0,1
35,128,1,1,0,7
35,129,-1,0,0,0
35,130,1,0,0,7
35,147,-1,0,0,2
35,183,-1,0,0,1
35,214,-1,0,0,3
35,231,-1,0,0,3
35,232,-1,0,0,1
35,252,-1,0,0,2
35,268,-1,0,0,1
35,270,-1,0,0,2
35,277,-1,0,0,3
35,280,1,0,1,6
35,296,-1,0,0,1
35,337,-1,0,0,1
35,354,-1,0,0,1
35,366,-1,0,0,1
35,380,0,1,0,1
35,405,-1,0,0,1
35,418,-1,0,0,1
35,423,-1,0,0,0
35,434,-1,0,0,0
35,446,-1,0,0,0
35,448,1,1,1,7
35,451,-1,0,0,1
35,485,-1,0,0,0
35,486,-1,0,0,2
35,492,1,1,0,5
35,496,-1,0,0,0
35,509,-1,0,0,2
35,532,-1,0,0,2
35,536,-1,0,0,3
35,541,-1,0,0,0
35,608,1,1,0,6
35,643,-1,0,0,1
35,671,1,0,0,4
35,677,-1,0,0,3
35,711,-1,0,0,3
35,781,1,0,0,8
35,788,-1,0,0,3
35,790,-1,0,0,3
35,839,-1,0,0,2
35,848,-1,0,0,1
35,856,-1,0,0,0
35,873,-1,0,0,1
35,880,-1,0,0,2
35,891,1,0,1,6
35,924,1,1,0,6
35,932,-1,0,0,1
35,933,-1,0,0,0
35,938,-1,0,0,2
35,999,-1,0,0,1
35,1026,-1,0,0,0
35,1059,-1,0,0,1
36,21,-1,0,0,1
36,44,-1,0,0,2
36,72,1,1,0,3
36,89,-1,0,0,0
36,118,-1,0,0,3
36,120,-1,0,0,0
36,127,-1,0,0,1
36,128,1,0,1,4
36,129,-1,0,0,0
36,130,1,0,1,7
36,147,-1,0,0,1
36,183,-1,0,0,0
36,214,-1,0,0,1
36,231,-1,0,0,3
36,232,-1,0,0,1
36,252,-1,0,0,3
36,268,-1,0,0,0
36,270,-1,0,0,0
36,277,-1,0,0,1
36,280,1,1,0,7
36,296,-1,0,0,3
36,337,-1,0,0,3
36,354,-1,0,0,2
36,366,-1,0,0,1
36,376,0,1,0,0
36,405,-1,0,0,3
36,418,-1,0,0,0
36,423,1,1,1,3
36,434,-1,0,0,1
36,446,-1,0,0,1
36,448,-1,0,0,2
36,451,-1,0,0,1
36,485,-1,0,0,3
36,486,1,0,0,7
36,492,-1,0,0,2
36,496,-1,0,0,0
36,509,-1,0,0,1
36,532,-1,0,0,1
36,536,-1,0,0,2
36,541,-1,0,0,1
36,608,-1,0,0,0
36,643,-1,0,0,1
36,671,1,0,1,4
36,677,-1,0,0,3
36,711,-1,0,0,2
36,781,-1,0,0,2
36,788,-1,0,0,1
36,790,-1,0,0,1
36,839,-1,0,0,2
36,848,-1,0,0,2
36,856,-1,0,0,3
36,873,-1,0,0,0
36,880,-1,0,0,1
36,891,-1,0,0,2
36,924,-1,0,0,3
36,932,-1,0,0,2
36,933,-1,0,0,1
36,938,1,1,0,5
36,999,-1,0,0,1
36,1026,-1,0,0,1
36,1059,-1,0,0,1
37,2,-1,0,0,3
37,48,-1,0,0,1
37,49,-1,0,0,0
37,50,-1,0,0,1
37,51,-1,0,0,3
37,73,-1,0,0,0
37,75,1,1,1,4
37,79,-1,0,0,0
37,118,-1,0,0,2
37,123,-1,0,0,0
37,127,-1,0,0,1
37,154,-1,0,0,1
37,195,-1,0,0,0
37,220,-1,0,0,0
37,236,-1,0,0,0
37,247,-1,0,0,2
37,261,-1,0,0,0
37,263,-1,0,0,2
37,269,-1,0,0,2
37,272,-1,0,0,0
37,288,-1,0,0,3
37,291,-1,0,0,1
37,296,-1,0,0,2
37,323,-1,0,0,2
37,348,-1,0,0,1
37,370,0,0,0,3
37,389,-1,0,0,3
37,399,-1,0,0,3
37,400,-1,0,0,0
37,435,-1,0,0,2
37,454,-1,0,0,2
37,457,-1,0,0,0
37,475,-1,0,0,3
37,505,1,1,1,6
37,509,-1,0,0,0
37,510,-1,0,0,2
37,520,-1,0,0,0
37,572,-1,0,0,0
37,575,-1,0,0,2
37,576,-1,0,0,0
37,580,-1,0,0,0
37,590,1,1,0,5
37,609,-1,0,0,1
37,614,-1,0,0,3
37,616,-1,0,0,0
37,640,-1,0,0,3
37,656,-1,0,0,0
37,670,-1,0,0,0
37,705,-1,0,0,2
37,715,-1,0,0,3
37,738,1,1,0,3
37,757,-1,0,0,2
37,761,-1,0,0,2
37,802,-1,0,0,2
37,827,-1,0,0,2
37,913,-1,0,0,1
37,933,-1,0,0,0
37,952,1,0,0,8
37,1001,-1,0,0,2
37,1005,-1,0,0,3
37,1048,-1,0,0,3
37,1049,-1,0,0,3
37,1059,-1,0,0,2
37,1060,-1,0,0,0
38,10,-1,0,0,1
38,23,1,1,0,4
38,118,-1,0,0,1
38,123,1,0,1,7
38,142,-1,0,0,1
38,151,1,0,0,3
38,158,-1,0,0,2
38,160,1,0,0,7
38,194,-1,0,0,1
38,217,-1,0,0,3
38,236,-1,0,0,0
38,237,-1,0,0,2
38,242,-1,0,0,1
38,251,-1,0,0,3
38,257,-1,0,0,0
38,269,1,1,0,8
38,302,-1,0,0,1
38,334,-1,0,0,1
38,348,1,1,1,7
38,349,1,1,0,8
38,363,-1,0,0,2
38,365,-1,0,0,1
38,400,-1,0,0,1
38,409,1,1,0,7
38,413,-1,0,0,0
38,427,1,0,0,4
38,437,-1,0,0,1
38,464,1,1,0,7
38,466,1,1,0,4
38,469,-1,0,0,1
38,470,1,1,1,4
38,472,1,1,0,8
38,480,-1,0,0,3
38,501,-1,0,0,3
38,535,0,0,0,4
38,558,-1,0,0,2
38,593,-1,0,0,0
38,603,-1,0,0,3
38,614,-1,0,0,2
38,620,-1,0,0,1
38,626,1,0,1,7
38,629,-1,0,0,0
38,641,-1,0,0,0
38,643,-1,0,0,2
38,647,-1,0,0,3
38,648,-1,0,0,0
38,675,-1,0,0,0
38,676,-1,0,0,2
38,677,-1,0,0,3
38,690,-1,0,0,0
38,694,-1,0,0,0
38,695,-1,0,0,3
38,700,-1,0,0,0
38,736,1,1,0,8
38,742,-1,0,0,1
38,748,-1,0,0,3
38,776,-1,0,0,1
38,781,-1,0,0,3
38,788,-1,0,0,3
38,799,-1,0,0,1
38,812,-1,0,0,2
38,816,-1,0,0,3
38,835,1,0,0,3
38,851,1,0,1,3
38,858,-1,0,0,1
38,874,1,0,1,5
38,876,1,1,0,3
38,884,-1,0,0,1
38,892,1,0,1,8
38,908,-1,0,0,3
38,964,-1,0,0,0
38,965,-1,0,0,1
38,1025,-1,0,0,3
38,1033,-1,0,0,0
38,1050,1,1,0,5
39,24,-1,0,0,3
39,30,1,1,1,7
39,46,-1,0,0,0
39,50,-1,0,0,1
39,51,1,1,1,6
39,114,-1,0,0,0
39,119,-1,0,0,1
39,136,-1,0,0,3
39,144,1,1,0,7
39,158,-1,0,0,0
39,170,-1,0,0,3
39,202,-1,0,0,3
39,205,1,0,1,8
39,207,1,1,1,5
39,208,-1,0,0,3
39,226,-1,0,0,2
39,231,1,1,1,7
39,250,1,0,0,3
39,253,-1,0,0,1
39,255,1,0,1,5
39,257,-1,0,0,3
39,281,-1,0,0,3
39,289,-1,0,0,3
39,295,-1,0,0,1
39,315,-1,0,0,0
39,320,-1,0,0,3
39,380,1,1,1,8
39,408,-1,0,0,3
39,427,1,0,0,4
39,441,-1,0,0,2
39,444,-1,0,0,3
39,445,1,0,0,6
39,461,-1,0,0,1
39,484,-1,0,0,1
39,515,-1,0,0,1
39,523,-1,0,0,2
39,567,1,0,1,8
39,585,-1,0,0,0
39,647,-1,0,0,1
39,651,-1,0,0,2
39,657,-1,0,0,0
39,687,-1,0,0,2
39,690,-1,0,0,3
39,705,1,0,0,4
39,719,1,0,1,3
39,735,-1,0,0,0
39,737,-1,0,0,1
39,748,-1,0,0,1
39,755,1,0,1,8
39,768,-1,0,0,2
39,775,1,0,0,8
39,785,-1,0,0,3
39,819,1,0,0,8
39,864,1,0,0,5
39,873,-1,0,0,1
39,878,-1,0,0,3
39,881,1,0,0,5
39,888,0,1,0,1
39,896,-1,0,0,3
39,901,-1,0,0,0
39,906,-1,0,0,1
39,924,-1,0,0,2
39,953,1,0,1,5
39,959,1,0,0,7
39,978,1,0,0,5
39,993,1,0,1,3
39,1012,1,0,0,6
40,17,-1,0,0,3
40,19,-1,0,0,0
40,22,-1,0,0,0
40,37,-1,0,0,3
40,45,1,0,0,7
40,47,-1,0,0,0
40,66,-1,0,0,2
40,96,-1,0,0,1
40,109,1,1,1,4
40,148,-1,0,0,1
40,163,-1,0,0,3
40,174,-1,0,0,2
40,192,1,0,1,3
40,212,-1,0,0,0
40,252,-1,0,0,2
40,257,-1,0,0,0
40,273,-1,0,0,3
40,280,1,1,1,5
40,289,-1,0,0,1
40,299,-1,0,0,3
40,334,-1,0,0,1
40,343,-1,0,0,2
40,347,1,1,0,7
40,368,-1,0,0,2
40,372,-1,0,0,2
40,384,-1,0,0,1
40,387,1,1,1,7
40,388,-1,0,0,0
40,412,-1,0,0,1
40,428,-1,0,0,0
40,449,-1,0,0,2
40,465,1,0,1,8
40,466,1,1,1,7
40,469,1,1,1,8
40,490,-1,0,0,2
40,495,1,0,0,8
40,508,-1,0,0,2
40,513,1,1,0,5
40,519,-1,0,0,1
40,560,-1,0,0,1
40,566,1,0,0,3
40,628,-1,0,0,3
40,687,-1,0,0,2
40,751,-1,0,0,3
40,764,-1,0,0,3
40,776,-1,0,0,2
40,780,1,1,0,6
40,792,1,1,0,7
40,801,-1,0,0,3
40,829,-1,0,0,3
40,831,-1,0,0,1
40,844,-1,0,0,3
40,845,-1,0,0,3
40,865,1,1,0,4
40,919,-1,0,0,2
40,972,-1,0,0,3
40,980,1,0,0,3
40,983,-1,0,0,3
40,993,-1,0,0,3
40,1047,-1,0,0,1
41,6,-1,0,0,1
41,27,-1,0,0,3
41,28,-1,0,0,0
41,40,-1,0,0,2
41,43,-1,0,0,0
41,49,-1,0,0,3
41,54,-1,0,0,3
41,56,-1,0,0,1
41,85,-1,0,0,1
41,117,-1,0,0,1
41,124,-1,0,0,2
41,130,1,0,1,6
41,178,-1,0,0,2
41,200,-1,0,0,2
41,262,-1,0,0,0
41,266,1,0,1,7
41,284,-1,0,0,2
41,291,-1,0,0,1
41,308,-1,0,0,0
41,315,-1,0,0,0
41,317,-1,0,0,1
41,342,-1,0,0,0
41,356,1,0,1,5
41,425,-1,0,0,3
41,432,-1,0,0,2
41,433,-1,0,0,2
41,440,-1,0,0,1
41,452,-1,0,0,3
41,453,-1,0,0,2
41,454,-1,0,0,0
41,459,1,0,0,3
41,491,-1,0,0,3
41,495,-1,0,0,2
41,508,1,0,1,8
41,513,-1,0,0,2
41,514,-1,0,0,1
41,515,-1,0,0,2
41,547,-1,0,0,3
41,550,-1,0,0,3
41,576,-1,0,0,3
41,597,-1,0,0,3
41,610,-1,0,0,1
41,619,-1,0,0,2
41,623,-1,0,0,3
41,639,-1,0,0,1
41,641,-1,0,0,1
41,656,-1,0,0,3
41,680,-1,0,0,3
41,689,-1,0,0,2
41,697,-1,0,0,2
41,698,-1,0,0,1
41,720,-1,0,0,1
41,740,-1,0,0,2
41,744,-1,0,0,0
41,762,-1,0,0,3
41,778,-1,0,0,2
41,781,-1,0,0,1
41,808,-1,0,0,0
41,810,-1,0,0,2
41,816,-1,0,0,0
41,835,-1,0,0,3
41,912,-1,0,0,3
41,914,-1,0,0,1
41,1003,-1,0,0,2
41,1018,-1,0,0,3
41,1022,0,1,1,0
42,4,-1,0,0,1
42,15,-1,0,0,1
42,40,-1,0,0,0
42,42,-1,0,0,3
42,45,-1,0,0,3
42,68,-1,0,0,1
42,109,-1,0,0,3
42,110,1,0,1,8
42,111,-1,0,0,0
42,112,-1,0,0,0
42,113,-1,0,0,1
42,114,-1,0,0,3
42,139,1,0,0,8
42,178,-1,0,0,0
42,215,-1,0,0,2
42,245,-1,0,0,1
42,264,1,0,0,8
42,267,-1,0,0,2
42,273,-1,0,0,1
42,294,-1,0,0,3
42,310,1,1,1,8
42,313,-1,0,0,1
42,319,-1,0,0,3
42,341,-1,0,0,0
42,348,-1,0,0,3
42,351,-1,0,0,3
42,376,-1,0,0,0
42,413,1,1,0,7
42,421,1,0,1,4
42,468,-1,0,0,3
42,489,-1,0,0,1
42,501,-1,0,0,3
42,511,-1,0,0,2
42,520,1,1,1,5
42,525,-1,0,0,1
42,581,-1,0,0,1
42,605,-1,0,0,1
42,625,-1,0,0,3
42,648,-1,0,0,1
42,652,-1,0,0,3
42,658,-1,0,0,2
42,689,-1,0,0,3
42,709,-1,0,0,3
42,715,-1,0,0,3
42,722,-1,0,0,1
42,728,1,0,0,6
42,740,-1,0,0,2
42,777,1,1,0,8
42,880,-1,0,0,1
42,916,-1,0,0,3
42,918,-1,0,0,2
42,931,-1,0,0,0
42,944,-1,0,0,0
42,958,1,1,1,5
42,971,-1,0,0,2
42,996,-1,0,0,1
42,1008,-1,0,0,0
42,1012,-1,0,0,3
42,1035,-1,0,0,0
42,1037,1,0,0,5
43,7,-1,0,0,0
43,12,-1,0,0,2
43,17,1,1,1,5
43,76,-1,0,0,3
43,78,1,1,0,3
43,107,-1,0,0,3
43,138,-1,0,0,2
43,149,1,1,1,8
43,166,-1,0,0,3
43,177,-1,0,0,0
43,184,0,1,0,1
43,197,-1,0,0,2
43,199,-1,0,0,2
43,211,1,1,0,8
43,237,-1,0,0,1
43,251,-1,0,0,0
43,282,-1,0,0,3
43,297,1,1,1,8
43,378,-1,0,0,3
43,399,-1,0,0,2
43,401,-1,0,0,3
43,431,1,0,1,3
43,458,-1,0,0,2
43,474,-1,0,0,2
43,475,-1,0,0,2
43,493,1,1,1,6
43,505,1,1,1,7
43,526,-1,0,0,2
43,533,-1,0,0,3
43,534,-1,0,0,0
43,541,-1,0,0,2
43,560,-1,0,0,2
43,565,-1,0,0,3
43,569,-1,0,0,3
43,581,-1,0,0,0
43,587,-1,0,0,1
43,604,1,0,1,4
43,608,-1,0,0,3
43,665,-1,0,0,1
43,671,1,0,0,5
43,702,-1,0,0,1
43,722,-1,0,0,0
43,736,1,1,1,3
43,771,1,0,0,5
43,775,-1,0,0,2
43,802,1,1,0,7
43,810,-1,0,0,1
43,883,-1,0,0,2
43,919,-1,0,0,0
43,929,-1,0,0,3
43,937,-1,0,0,1
43,950,-1,0,0,3
43,967,-1,0,0,3
43,1013,-1,0,0,2
43,1015,-1,0,0,1
43,1017,-1,0,0,2
43,1018,-1,0,0,0
43,1026,-1,0,0,2
43,1032,-1,0,0,2
43,1036,-1,0,0,0
43,1055,-1,0,0,2
44,17,-1,0,0,3
44,39,-1,0,0,2
44,40,-1,0,0,0
44,47,-1,0,0,1
44,49,-1,0,0,2
44,51,-1,0,0,0
44,88,-1,0,0,3
44,96,1,1,0,4
44,127,-1,0,0,2
44,198,-1,0,0,3
44,217,-1,0,0,0
44,230,-1,0,0,2
44,238,-1,0,0,3
44,248,-1,0,0,0
44,254,-1,0,0,2
44,288,-1,0,0,3
44,313,-1,0,0,3
44,317,-1,0,0,2
44,329,-1,0,0,3
44,341,-1,0,0,2
44,358,-1,0,0,1
44,364,-1,0,0,0
44,379,-1,0,0,1
44,383,-1,0,0,3
44,388,-1,0,0,1
44,413,-1,0,0,2
44,417,-1,0,0,3
44,422,-1,0,0,0
44,448,-1,0,0,3
44,488,-1,0,0,2
44,529,-1,0,0,3
44,554,-1,0,0,0
44,570,-1,0,0,0
44,597,-1,0,0,0
44,610,-1,0,0,1
44,628,-1,0,0,2
44,630,-1,0,0,0
44,643,-1,0,0,1
44,650,-1,0,0,1
44,672,-1,0,0,1
44,700,-1,0,0,1
44,720,-1,0,0,3
44,734,0,0,0,3
44,745,-1,0,0,3
44,755,-1,0,0,1
44,781,-1,0,0,2
44,790,-1,0,0,1
44,804,-1,0,0,3
44,805,-1,0,0,2
44,817,-1,0,0,0
44,837,-1,0,0,3
44,851,1,1,1,7
44,874,-1,0,0,2
44,944,-1,0,0,3
44,977,-1,0,0,3
44,985,-1,0,0,2
44,994,-1,0,0,2
44,1028,-1,0,0,3
44,1036,-1,0,0,1
44,1052,-1,0,0,2
44,1053,-1,0,0,2
45,14,-1,0,0,0
45,24,-1,0,0,2
45,47,-1,0,0,3
45,49,-1,0,0,0
45,51,-1,0,0,0
45,52,-1,0,0,3
45,55,-1,0,0,0
45,63,-1,0,0,3
45,72,-1,0,0,0
45,81,1,1,0,5
45,85,-1,0,0,2
45,92,-1,0,0,1
45,102,-1,0,0,3
45,151,-1,0,0,3
45,173,-1,0,0,2
45,174,1,1,1,8
45,186,1,1,0,5
45,196,-1,0,0,2
45,219,-1,0,0,3
45,238,-1,0,0,3
45,265,-1,0,0,3
45,293,-1,0,0,1
45,366,-1,0,0,2
45,379,-1,0,0,3
45,385,-1,0,0,3
45,410,-1,0,0,3
45,416,-1,0,0,0
45,420,-1,0,0,0
45,434,-1,0,0,2
45,474,-1,0,0,1
45,478,-1,0,0,3
45,493,-1,0,0,1
45,512,-1,0,0,0
45,521,-1,0,0,0
45,531,-1,0,0,2
45,582,-1,0,0,3
45,611,-1,0,0,2
45,623,-1,0,0,1
45,632,-1,0,0,0
45,653,-1,0,0,2
45,659,-1,0,0,2
45,723,-1,0,0,1
45,727,-1,0,0,2
45,728,-1,0,0,1
45,741,-1,0,0,1
45,772,-1,0,0,2
45,828,-1,0,0,3
45,831,-1,0,0,0
45,837,-1,0,0,1
45,909,-1,0,0,2
45,911,-1,0,0,1
45,934,-1,0,0,3
45,937,-1,0,0,3
45,947,-1,0,0,3
45,977,-1,0,0,1
45,993,-1,0,0,2
45,1003,-1,0,0,0
45,1016,-1,0,0,2
45,1034,1,0,0,4
45,1038,-1,0,0,2
46,1,-1,0,0,1
46,6,-1,0,0,1
46,12,-1,0,0,0
46,21,-1,0,0,2
46,23,-1,0,0,2
46,24,-1,0,0,2
46,44,-1,0,0,2
46,88,-1,0,0,3
46,139,0,0,1,0
46,156,1,0,1,8
46,166,-1,0,0,3
46,190,-1,0,0,3
46,197,-1,0,0,2
46,204,-1,0,0,1
46,206,1,1,1,3
46,207,-1,0,0,1
46,225,-1,0,0,0
46,231,-1,0,0,2
46,260,-1,0,0,2
46,270,-1,0,0,3
46,288,-1,0,0,2
46,306,1,1,0,4
46,335,-1,0,0,2
46,345,-1,0,0,1
46,366,-1,0,0,1
46,387,-1,0,0,3
46,390,-1,0,0,2
46,420,1,1,1,5
46,434,-1,0,0,3
46,451,-1,0,0,2
46,455,-1,0,0,0
46,463,-1,0,0,0
46,483,-1,0,0,3
46,484,-1,0,0,1
46,502,-1,0,0,2
46,503,1,0,0,8
46,519,-1,0,0,0
46,567,-1,0,0,1
46,621,-1,0,0,1
46,629,-1,0,0,0
46,651,1,0,0,4
46,663,-1,0,0,2
46,703,-1,0,0,2
46,707,-1,0,0,2
46,713,-1,0,0,1
46,735,-1,0,0,0
46,752,-1,0,0,1
46,762,1,1,0,3
46,774,-1,0,0,2
46,779,-1,0,0,2
46,784,-1,0,0,1
46,795,1,0,0,4
46,796,-1,0,0,2
46,809,1,1,0,4
46,826,-1,0,0,0
46,828,-1,0,0,1
46,864,-1,0,0,0
46,879,-1,0,0,1
46,929,-1,0,0,1
46,946,-1,0,0,2
46,984,-1,0,0,0
46,994,-1,0,0,3
46,1005,-1,0,0,3
46,1007,-1,0,0,1
47,0,1,1,1,3
47,2,-1,0,0,1
47,4,-1,0,0,0
47,6,-1,0,0,3
47,26,-1,0,0,2
47,51,-1,0,0,1
47,68,-1,0,0,3
47,84,-1,0,0,3
47,153,-1,0,0,2
47,157,-1,0,0,3
47,172,-1,0,0,1
47,199,-1,0,0,0
47,216,-1,0,0,3
47,223,-1,0,0,1
47,247,-1,0,0,3
47,249,-1,0,0,0
47,252,-1,0,0,2
47,282,-1,0,0,3
47,283,-1,0,0,3
47,292,-1,0,0,3
47,311,-1,0,0,0
47,337,-1,0,0,2
47,348,-1,0,0,3
47,354,-1,0,0,2
47,359,-1,0,0,0
47,430,-1,0,0,0
47,435,-1,0,0,1
47,462,-1,0,0,3
47,475,-1,0,0,2
47,489,-1,0,0,1
47,493,-1,0,0,2
47,533,-1,0,0,1
47,546,-1,0,0,3
47,549,-1,0,0,3
47,573,-1,0,0,0
47,581,0,0,1,4
47,591,-1,0,0,0
47,608,-1,0,0,0
47,625,-1,0,0,3
47,634,-1,0,0,2
47,651,-1,0,0,3
47,669,-1,0,0,3
47,694,-1,0,0,3
47,722,-1,0,0,3
47,733,-1,0,0,3
47,739,-1,0,0,3
47,776,-1,0,0,0
47,797,-1,0,0,1
47,815,-1,0,0,1
47,826,-1,0,0,1
47,861,-1,0,0,1
47,867,-1,0,0,3
47,876,-1,0,0,3
47,885,-1,0,0,3
47,898,-1,0,0,0
47,947,-1,0,0,1
47,948,-1,0,0,2
47,949,-1,0,0,2
47,952,-1,0,0,3
47,1006,-1,0,0,2
47,1039,-1,0,0,2
47,1049,-1,0,0,0
48,3,-1,0,0,1
48,12,1,1,0,3
48,24,1,1,1,6
48,59,-1,0,0,3
48,60,-1,0,0,1
48,105,-1,0,0,0
48,123,-1,0,0,2
48,134,-1,0,0,0
48,138,-1,0,0,2
48,155,-1,0,0,1
48,189,-1,0,0,1
48,198,-1,0,0,2
48,204,1,0,0,7
48,207,1,0,0,5
48,213,-1,0,0,2
48,220,1,1,0,7
48,260,1,1,0,3
48,264,-1,0,0,0
48,270,-1,0,0,1
48,289,-1,0,0,2
48,328,-1,0,0,0
48,346,-1,0,0,0
48,359,-1,0,0,1
48,366,1,1,1,3
48,375,-1,0,0,3
48,379,-1,0,0,0
48,403,-1,0,0,2
48,421,-1,0,0,3
48,448,-1,0,0,1
48,451,1,0,0,6
48,455,1,1,1,5
48,484,1,0,1,3
48,487,0,1,1,4
48,489,-1,0,0,0
48,495,-1,0,0,2
48,497,-1,0,0,3
48,503,1,0,0,7
48,504,-1,0,0,0
48,582,-1,0,0,2
48,591,-1,0,0,1
48,595,-1,0,0,2
48,604,-1,0,0,2
48,609,-1,0,0,2
48,617,-1,0,0,2
48,620,-1,0,0,0
48,623,-1,0,0,3
48,636,-1,0,0,1
48,640,-1,0,0,0
48,651,-1,0,0,2
48,654,-1,0,0,3
48,669,-1,0,0,1
48,681,-1,0,0,0
48,697,-1,0,0,2
48,703,1,1,0,5
48,707,1,0,1,4
48,708,-1,0,0,3
48,719,-1,0,0,0
48,734,1,0,0,5
48,777,1,1,0,5
48,795,1,1,0,8
48,809,1,0,0,6
48,833,-1,0,0,3
48,879,1,1,1,3
48,894,-1,0,0,2
48,906,-1,0,0,1
48,920,-1,0,0,0
48,924,-1,0,0,3
48,935,-1,0,0,2
48,946,-1,0,0,3
48,949,-1,0,0,0
48,950,-1,0,0,1
48,984,1,1,0,5
48,992,-1,0,0,2
48,993,-1,0,0,0
48,994,1,1,0,5
48,1000,-1,0,0,1
48,1003,-1,0,0,1
48,1007,1,0,0,3
48,1022,-1,0,0,1
49,1,-1,0,0,1
49,16,1,1,1,5
49,60,-1,0,0,2
49,79,1,0,1,8
49,98,1,1,0,3
49,115,-1,0,0,2
49,141,-1,0,0,3
49,198,-1,0,0,1
49,227,-1,0,0,2
49,228,-1,0,0,1
49,237,-1,0,0,2
49,263,-1,0,0,3
49,267,-1,0,0,2
49,299,1,0,0,3
49,319,-1,0,0,1
49,328,-1,0,0,2
49,375,1,1,1,8
49,396,1,1,0,8
49,405,-1,0,0,1
49,415,1,1,1,5
49,418,-1,0,0,2
49,442,-1,0,0,3
49,453,-1,0,0,1
49,455,-1,0,0,2
49,479,-1,0,0,2
49,520,-1,0,0,1
49,528,-1,0,0,0
49,550,-1,0,0,3
49,581,1,1,0,3
49,617,-1,0,0,0
49,647,-1,0,0,0
49,659,1,0,1,8
49,662,1,1,0,8
49,666,-1,0,0,3
49,676,1,0,1,7
49,686,-1,0,0,0
49,696,1,0,1,3
49,743,-1,0,0,2
49,751,-1,0,0,1
49,763,-1,0,0,2
49,766,-1,0,0,3
49,807,-1,0,0,2
49,821,-1,0,0,1
49,827,-1,0,0,3
49,833,-1,0,0,0
49,848,-1,0,0,2
49,867,1,0,0,3
49,874,1,0,0,3
49,903,-1,0,0,1
49,910,-1,0,0,1
49,925,-1,0,0,3
49,927,-1,0,0,1
49,944,-1,0,0,1
49,957,1,1,1,7
49,976,1,1,1,6
49,984,1,1,1,4
49,998,1,1,0,5
49,1001,-1,0,0,3
49,1019,-1,0,0,3
49,1025,-1,0,0,3
50,2,1,0,0,5
50,13,-1,0,0,3
50,16,-1,0,0,3
50,21,-1,0,0,3
50,29,-1,0,0,2
50,85,1,1,0,5
50,124,1,1,0,8
50,158,-1,0,0,3
50,160,-1,0,0,0
50,163,-1,0,0,0
50,228,-1,0,0,2
50,259,1,0,1,6
50,309,-1,0,0,0
50,314,-1,0,0,1
50,315,-1,0,0,2
50,316,-1,0,0,0
50,317,-1,0,0,1
50,320,-1,0,0,2
50,327,-1,0,0,0
50,334,-1,0,0,1
50,386,-1,0,0,0
50,412,-1,0,0,0
50,419,-1,0,0,2
50,427,1,1,0,5
50,462,-1,0,0,0
50,498,-1,0,0,1
50,502,-1,0,0,2
50,507,1,1,0,8
50,508,-1,0,0,1
50,532,-1,0,0,2
50,579,1,0,0,3
50,607,1,1,0,3
50,642,-1,0,0,1
50,646,-1,0,0,0
50,654,-1,0,0,0
50,686,-1,0,0,0
50,688,-1,0,0,3
50,706,1,0,0,5
50,745,1,1,0,5
50,788,-1,0,0,1
50,790,1,1,0,6
50,791,-1,0,0,0
50,814,-1,0,0,1
50,838,-1,0,0,3
50,839,-1,0,0,1
50,852,-1,0,0,0
50,860,1,1,1,3
50,886,1,1,1,6
50,891,1,1,1,3
50,896,1,1,1,4
50,901,-1,0,0,1
50,917,-1,0,0,0
50,931,0,1,0,4
50,959,1,0,1,3
50,963,-1,0,0,0
50,1009,-1,0,0,3
50,1014,-1,0,0,0
50,1032,-1,0,0,0
50,1033,1,0,1,6
50,1046,-1,0,0,3
50,1049,-1,0,0,1
51,28,-1,0,0,1
51,33,1,1,0,3
51,50,0,1,1,1
51,74,1,0,1,6
51,88,-1,0,0,3
51,93,-1,0,0,1
51,107,-1,0,0,2
51,109,-1,0,0,0
51,117,1,0,0,4
51,122,1,1,1,3
51,134,1,1,0,8
51,135,-1,0,0,2
51,146,1,0,1,6
51,150,1,1,0,4
51,151,1,1,0,4
51,177,-1,0,0,3
51,183,-1,0,0,3
51,191,1,1,1,7
51,265,-1,0,0,3
51,272,1,0,1,4
51,279,-1,0,0,0
51,296,-1,0,0,3
51,320,-1,0,0,3
51,323,1,0,0,6
51,335,-1,0,0,2
51,349,-1,0,0,1
51,372,1,0,1,3
51,377,1,1,1,7
51,384,1,0,0,6
51,397,-1,0,0,0
51,401,-1,0,0,3
51,421,-1,0,0,2
51,428,1,1,1,4
51,485,-1,0,0,1
51,558,1,0,0,5
51,562,-1,0,0,0
51,590,-1,0,0,3
51,631,1,0,0,5
51,653,1,1,1,8
51,654,-1,0,0,3
51,661,1,1,1,4
51,673,-1,0,0,1
51,682,-1,0,0,2
51,689,-1,0,0,3
51,695,1,1,1,8
51,723,-1,0,0,0
51,752,-1,0,0,0
51,782,-1,0,0,0
51,791,1,0,0,6
51,806,1,0,1,7
51,844,-1,0,0,2
51,851,1,0,0,3
51,856,-1,0,0,2
51,864,-1,0,0,2
51,881,-1,0,0,0
51,882,1,1,0,4
51,919,-1,0,0,3
51,939,1,0,0,6
51,941,-1,0,0,0
51,945,1,1,1,4
51,956,1,0,0,4
51,990,-1,0,0,3
51,993,-1,0,0,0
51,997,-1,0,0,1
51,1012,-1,0,0,2
51,1018,-1,0,0,3
51,1036,1,1,0,5
51,1048,-1,0,0,1
51,1055,-1,0,0,2
52,23,1,0,0,7
52,26,-1,0,0,2
52,51,1,1,1,6
52,80,1,1,1,4
52,90,1,1,0,4
52,96,-1,0,0,2
52,97,-1,0,0,3
52,116,-1,0,0,2
52,122,1,0,0,8
52,149,-1,0,0,0
52,188,1,0,1,3
52,227,1,1,0,4
52,248,1,0,1,8
52,255,-1,0,0,3
52,332,-1,0,0,0
52,370,-1,0,0,1
52,374,-1,0,0,0
52,399,-1,0,0,3
52,425,1,1,1,8
52,429,-1,0,0,0
52,448,-1,0,0,2
52,453,1,0,0,6
52,459,-1,0,0,0
52,464,1,0,1,3
52,469,-1,0,0,0
52,512,-1,0,0,1
52,524,1,1,1,8
52,531,1,1,0,5
52,544,-1,0,0,1
52,549,-1,0,0,2
52,566,0,0,0,4
52,584,1,0,0,8
52,586,1,0,0,8
52,603,1,1,1,5
52,622,1,1,0,5
52,623,1,0,1,7
52,663,-1,0,0,0
52,691,-1,0,0,1
52,708,1,1,1,3
52,736,-1,0,0,2
52,743,1,1,1,3
52,786,1,0,1,5
52,796,-1,0,0,2
52,848,1,0,0,8
52,901,-1,0,0,2
52,905,-1,0,0,2
52,907,-1,0,0,0
52,916,-1,0,0,1
52,922,1,0,1,8
52,930,-1,0,0,3
52,964,1,0,0,8
52,967,1,0,1,3
52,971,1,1,1,5
52,974,-1,0,0,1
52,980,-1,0,0,3
52,995,-1,0,0,0
52,1001,-1,0,0,3
52,1032,1,1,1,3
52,1036,1,0,0,5
52,1041,-1,0,0,1
52,1048,-1,0,0,3
53,11,-1,0,0,0
53,22,-1,0,0,3
53,31,-1,0,0,3
53,51,-1,0,0,2
53,87,-1,0,0,2
53,110,-1,0,0,0
53,128,-1,0,0,1
53,136,-1,0,0,3
53,143,1,1,1,8
53,144,-1,0,0,2
53,172,-1,0,0,1
53,182,-1,0,0,2
53,190,-1,0,0,2
53,203,-1,0,0,3
53,228,-1,0,0,1
53,290,-1,0,0,0
53,295,-1,0,0,0
53,330,-1,0,0,1
53,336,1,1,1,8
53,344,-1,0,0,3
53,354,-1,0,0,3
53,365,-1,0,0,1
53,369,-1,0,0,2
53,397,-1,0,0,2
53,407,-1,0,0,3
53,428,1,1,1,7
53,432,-1,0,0,0
53,434,-1,0,0,0
53,443,-1,0,0,1
53,449,-1,0,0,3
53,470,-1,0,0,0
53,477,-1,0,0,3
53,486,-1,0,0,1
53,523,-1,0,0,1
53,582,-1,0,0,3
53,589,-1,0,0,3
53,616,0,1,0,1
53,629,-1,0,0,0
53,643,-1,0,0,0
53,655,-1,0,0,3
53,657,-1,0,0,3
53,680,-1,0,0,1
53,744,-1,0,0,2
53,804,-1,0,0,3
53,856,-1,0,0,1
53,861,-1,0,0,2
53,863,-1,0,0,1
53,876,-1,0,0,0
53,877,-1,0,0,3
53,883,1,1,1,4
53,904,-1,0,0,0
53,907,-1,0,0,0
53,908,-1,0,0,3
53,913,-1,0,0,2
53,945,-1,0,0,3
53,1020,-1,0,0,3
53,1031,-1,0,0,3
53,1036,-1,0,0,1
53,1046,-1,0,0,0
53,1051,-1,0,0,2
53,1055,1,0,0,5
54,42,1,1,1,8
54,46,-1,0,0,0
54,55,-1,0,0,3
54,67,-1,0,0,1
54,72,-1,0,0,3
54,94,-1,0,0,2
54,114,-1,0,0,3
54,119,-1,0,0,0
54,122,-1,0,0,3
54,125,-1,0,0,2
54,131,-1,0,0,1
54,133,-1,0,0,2
54,146,1,0,0,6
54,161,-1,0,0,2
54,186,-1,0,0,3
54,188,-1,0,0,2
54,217,-1,0,0,2
54,218,-1,0,0,3
54,220,-1,0,0,0
54,242,-1,0,0,1
54,250,-1,0,0,1
54,277,-1,0,0,3
54,313,-1,0,0,0
54,323,-1,0,0,1
54,325,-1,0,0,0
54,334,-1,0,0,1
54,392,-1,0,0,0
54,412,-1,0,0,1
54,436,-1,0,0,3
54,441,-1,0,0,1
54,458,1,0,1,5
54,470,-1,0,0,1
54,539,-1,0,0,0
54,544,-1,0,0,2
54,548,1,0,1,4
54,575,-1,0,0,0
54,589,-1,0,0,1
54,606,-1,0,0,2
54,623,-1,0,0,0
54,631,-1,0,0,0
54,653,-1,0,0,3
54,655,-1,0,0,0
54,707,-1,0,0,2
54,724,-1,0,0,2
54,772,-1,0,0,2
54,802,-1,0,0,2
54,825,1,0,0,8
54,879,-1,0,0,2
54,883,1,0,1,4
54,887,-1,0,0,2
54,906,-1,0,0,1
54,909,-1,0,0,0
54,913,-1,0,0,2
54,933,-1,0,0,2
54,961,-1,0,0,3
54,963,-1,0,0,1
54,973,-1,0,0,0
54,1031,-1,0,0,2
54,1033,-1,0,0,1
54,1055,-1,0,0,2
55,27,-1,0,0,3
55,37,-1,0,0,0
55,41,0,1,1,1
55,42,-1,0,0,0
55,48,-1,0,0,0
55,66,-1,0,0,3
55,103,-1,0,0,1
55,104,-1,0,0,1
55,111,-1,0,0,2
55,122,1,1,1,8
55,164,-1,0,0,3
55,168,-1,0,0,3
55,192,-1,0,0,2
55,202,-1,0,0,2
55,206,-1,0,0,3
55,214,1,0,0,4
55,267,-1,0,0,0
55,279,1,0,0,4
55,302,-1,0,0,2
55,311,-1,0,0,2
55,315,-1,0,0,3
55,328,-1,0,0,0
55,332,-1,0,0,1
55,423,-1,0,0,3
55,446,-1,0,0,3
55,449,-1,0,0,1
55,459,-1,0,0,2
55,462,-1,0,0,3
55,482,-1,0,0,3
55,504,-1,0,0,1
55,521,-1,0,0,2
55,529,-1,0,0,2
55,546,-1,0,0,2
55,608,-1,0,0,1
55,622,-1,0,0,2
55,636,-1,0,0,0
55,637,-1,0,0,2
55,638,-1,0,0,1
55,645,-1,0,0,1
55,671,-1,0,0,0
55,682,-1,0,0,0
55,702,-1,0,0,0
55,770,-1,0,0,0
55,772,-1,0,0,2
55,773,-1,0,0,1
55,833,-1,0,0,1
55,842,-1,0,0,2
55,855,1,0,1,7
55,860,-1,0,0,3
55,910,-1,0,0,0
55,927,-1,0,0,1
55,931,-1,0,0,1
55,933,-1,0,0,3
55,946,-1,0,0,1
55,985,-1,0,0,1
55,1013,-1,0,0,3
55,1015,-1,0,0,2
55,1019,-1,0,0,1
55,1032,-1,0,0,0
55,1039,-1,0,0,0
55,1054,1,1,1,4
56,1,-1,0,0,2
56,23,-1,0,0,0
56,59,-1,0,0,0
56,83,-1,0,0,2
56,98,-1,0,0,1
56,109,-1,0,0,2
56,116,-1,0,0,3
56,130,-1,0,0,3
56,135,-1,0,0,0
56,148,-1,0,0,1
56,165,-1,0,0,0
56,200,-1,0,0,0
56,217,-1,0,0,1
56,235,-1,0,0,2
56,242,-1,0,0,2
56,256,-1,0,0,2
56,262,-1,0,0,3
56,263,-1,0,0,0
56,264,1,1,0,8
56,265,-1,0,0,2
56,268,-1,0,0,2
56,270,-1,0,0,0
56,273,-1,0,0,0
56,302,-1,0,0,1
56,324,-1,0,0,2
56,335,-1,0,0,1
56,346,-1,0,0,1
56,358,-1,0,0,0
56,372,-1,0,0,1
56,401,-1,0,0,0
56,407,-1,0,0,2
56,423,-1,0,0,0
56,428,-1,0,0,0
56,463,-1,0,0,1
56,466,-1,0,0,0
56,479,-1,0,0,0
56,493,-1,0,0,2
56,524,-1,0,0,0
56,531,-1,0,0,1
56,594,-1,0,0,2
56,598,-1,0,0,2
56,605,-1,0,0,1
56,614,-1,0,0,2
56,617,-1,0,0,2
56,636,-1,0,0,3
56,644,-1,0,0,3
56,649,-1,0,0,0
56,665,-1,0,0,0
56,707,1,1,0,3
56,738,-1,0,0,1
56,793,-1,0,0,2
56,836,-1,0,0,1
56,857,-1,0,0,3
56,861,-1,0,0,0
56,865,-1,0,0,3
56,946,-1,0,0,0
56,974,-1,0,0,1
56,976,-1,0,0,2
56,977,-1,0,0,3
56,984,-1,0,0,3
56,999,0,0,0,2
57,42,-1,0,0,2
57,64,-1,0,0,0
57,83,1,1,1,6
57,89,-1,0,0,1
57,133,-1,0,0,2
57,147,-1,0,0,2
57,158,1,1,0,8
57,165,-1,0,0,0
57,175,1,0,1,3
57,219,-1,0,0,3
57,242,-1,0,0,2
57,255,-1,0,0,3
57,268,-1,0,0,3
57,271,-1,0,0,2
57,288,1,1,0,5
57,293,-1,0,0,3
57,300,-1,0,0,0
57,359,-1,0,0,0
57,362,-1,0,0,1
57,379,-1,0,0,1
57,390,-1,0,0,0
57,403,1,0,0,3
57,412,1,0,0,7
57,432,-1,0,0,3
57,436,-1,0,0,0
57,440,-1,0,0,2
57,466,-1,0,0,1
57,487,-1,0,0,0
57,499,-1,0,0,3
57,504,1,0,1,3
57,519,-1,0,0,2
57,541,-1,0,0,3
57,610,-1,0,0,3
57,619,-1,0,0,0
57,636,-1,0,0,2
57,639,-1,0,0,3
57,680,-1,0,0,2
57,772,-1,0,0,3
57,775,-1,0,0,3
57,778,-1,0,0,3
57,799,-1,0,0,3
57,813,-1,0,0,0
57,823,-1,0,0,2
57,850,-1,0,0,1
57,857,-1,0,0,3
57,882,1,0,0,5
57,905,-1,0,0,1
57,920,-1,0,0,1
57,925,-1,0,0,3
57,935,-1,0,0,1
57,938,1,0,0,4
57,948,-1,0,0,0
57,949,-1,0,0,3
57,953,-1,0,0,3
57,961,-1,0,0,1
57,963,1,1,0,3
57,976,-1,0,0,0
57,1015,-1,0,0,0
57,1023,-1,0,0,1
57,1032,-1,0,0,0
58,15,-1,0,0,3
58,42,-1,0,0,2
58,66,-1,0,0,3
58,76,-1,0,0,0
58,79,1,1,0,6
58,100,-1,0,0,0
58,132,-1,0,0,1
58,140,-1,0,0,2
58,174,-1,0,0,0
58,199,-1,0,0,3
58,218,-1,0,0,1
58,258,-1,0,0,0
58,263,-1,0,0,3
58,272,-1,0,0,1
58,279,-1,0,0,2
58,282,1,1,1,3
58,317,-1,0,0,2
58,388,-1,0,0,1
58,424,1,0,0,8
58,457,-1,0,0,3
58,485,-1,0,0,0
58,486,1,0,0,8
58,487,-1,0,0,1
58,488,-1,0,0,3
58,493,-1,0,0,1
58,515,-1,0,0,0
58,530,-1,0,0,2
58,534,-1,0,0,1
58,567,-1,0,0,0
58,575,-1,0,0,2
58,583,-1,0,0,3
58,584,-1,0,0,0
58,605,-1,0,0,2
58,615,-1,0,0,2
58,627,-1,0,0,2
58,629,-1,0,0,3
58,638,-1,0,0,2
58,644,-1,0,0,3
58,660,-1,0,0,3
58,668,-1,0,0,3
58,704,1,0,0,8
58,714,-1,0,0,1
58,735,-1,0,0,2
58,775,-1,0,0,0
58,777,-1,0,0,1
58,780,-1,0,0,0
58,796,-1,0,0,2
58,869,-1,0,0,3
58,873,0,0,1,2
58,912,-1,0,0,0
58,931,-1,0,0,1
58,936,-1,0,0,0
58,965,-1,0,0,0
58,985,-1,0,0,0
58,999,-1,0,0,0
58,1011,-1,0,0,2
58,1020,-1,0,0,2
58,1036,-1,0,0,2
58,1037,1,0,1,7
58,1044,-1,0,0,3
58,1054,-1,0,0,0
59,0,-1,0,0,0
59,6,1,1,0,5
59,10,-1,0,0,3
59,14,-1,0,0,0
59,33,-1,0,0,1
59,39,-1,0,0,1
59,54,-1,0,0,2
59,66,-1,0,0,1
59,80,-1,0,0,2
59,99,-1,0,0,2
59,128,1,1,1,5
59,130,1,1,0,5
59,147,-1,0,0,3
59,172,-1,0,0,2
59,174,-1,0,0,3
59,217,-1,0,0,1
59,219,-1,0,0,3
59,267,-1,0,0,2
59,299,-1,0,0,0
59,304,1,0,1,5
59,354,-1,0,0,0
59,367,-1,0,0,1
59,385,-1,0,0,1
59,423,-1,0,0,0
59,454,-1,0,0,2
59,478,-1,0,0,2
59,490,-1,0,0,1
59,501,-1,0,0,2
59,528,-1,0,0,0
59,536,-1,0,0,1
59,550,-1,0,0,3
59,592,-1,0,0,2
59,602,-1,0,0,0
59,653,-1,0,0,1
59,670,-1,0,0,3
59,676,-1,0,0,0
59,693,-1,0,0,1
59,720,-1,0,0,1
59,721,-1,0,0,3
59,742,-1,0,0,3
59,791,-1,0,0,0
59,812,0,1,1,0
59,814,1,1,0,4
59,818,-1,0,0,1
59,857,-1,0,0,1
59,869,-1,0,0,1
59,875,-1,0,0,2
59,879,-1,0,0,2
59,927,-1,0,0,3
59,937,1,1,1,4
59,939,-1,0,0,2
59,957,-1,0,0,1
59,969,-1,0,0,0
59,971,-1,0,0,1
59,980,-1,0,0,2
59,1002,-1,0,0,2
59,1012,-1,0,0,0
59,1021,-1,0,0,3
59,1028,-1,0,0,2
59,1055,-1,0,0,3
59,1058,-1,0,0,0
60,1,-1,0,0,2
60,6,1,0,0,3
60,20,-1,0,0,2
60,33,-1,0,0,2
60,43,-1,0,0,2
60,56,-1,0,0,1
60,73,-1,0,0,0
60,97,-1,0,0,1
60,109,-1,0,0,0
60,128,1,0,0,5
60,130,1,1,1,8
60,140,-1,0,0,0
60,168,-1,0,0,1
60,208,-1,0,0,3
60,241,-1,0,0,1
60,243,-1,0,0,1
60,246,-1,0,0,2
60,275,-1,0,0,3
60,294,-1,0,0,2
60,304,1,1,1,8
60,348,-1,0,0,3
60,370,-1,0,0,1
60,377,-1,0,0,3
60,384,-1,0,0,0
60,405,-1,0,0,0
60,410,-1,0,0,1
60,438,-1,0,0,3
60,507,-1,0,0,0
60,561,-1,0,0,3
60,585,-1,0,0,2
60,633,-1,0,0,3
60,637,-1,0,0,0
60,642,-1,0,0,0
60,654,-1,0,0,2
60,658,-1,0,0,2
60,678,-1,0,0,2
60,691,-1,0,0,0
60,697,-1,0,0,2
60,706,-1,0,0,3
60,708,-1,0,0,2
60,715,-1,0,0,0
60,736,-1,0,0,3
60,737,-1,0,0,0
60,745,-1,0,0,0
60,754,-1,0,0,1
60,764,-1,0,0,2
60,774,-1,0,0,3
60,776,-1,0,0,0
60,808,-1,0,0,3
60,814,1,1,0,8
60,892,-1,0,0,2
60,897,-1,0,0,2
60,914,-1,0,0,1
60,932,-1,0,0,0
60,937,1,1,0,8
60,942,-1,0,0,3
60,953,-1,0,0,2
60,957,-1,0,0,3
60,988,-1,0,0,1
60,1001,-1,0,0,0
60,1006,-1,0,0,3
60,1021,-1,0,0,2
60,1027,-1,0,0,0
60,1036,-1,0,0,3
60,1053,-1,0,0,3
60,1056,-1,0,0,2
61,15,-1,0,0,1
61,24,-1,0,0,2
61,33,-1,0,0,1
61,53,-1,0,0,1
61,66,-1,0,0,2
61,67,-1,0,0,0
61,70,-1,0,0,0
61,71,-1,0,0,0
61,92,-1,0,0,1
61,93,-1,0,0,0
61,113,-1,0,0,1
61,136,-1,0,0,0
61,138,-1,0,0,3
61,148,-1,0,0,2
61,150,-1,0,0,0
61,164,-1,0,0,3
61,181,-1,0,0,0
61,209,-1,0,0,2
61,222,-1,0,0,1
61,238,-1,0,0,2
61,250,-1,0,0,1
61,277,-1,0,0,1
61,364,-1,0,0,2
61,370,-1,0,0,1
61,396,-1,0,0,2
61,458,-1,0,0,1
61,461,-1,0,0,2
61,468,-1,0,0,2
61,471,1,1,0,4
61,519,-1,0,0,2
61,533,-1,0,0,1
61,568,-1,0,0,2
61,613,1,1,1,4
61,623,-1,0,0,1
61,624,-1,0,0,2
61,659,-1,0,0,3
61,668,-1,0,0,2
61,671,-1,0,0,0
61,673,-1,0,0,0
61,676,-1,0,0,2
61,688,-1,0,0,3
61,723,-1,0,0,3
61,727,1,1,1,5
61,749,-1,0,0,3
61,759,-1,0,0,0
61,805,1,0,0,3
61,841,-1,0,0,0
61,846,-1,0,0,0
61,860,-1,0,0,1
61,874,-1,0,0,2
61,891,1,1,1,6
61,892,-1,0,0,3
61,904,-1,0,0,0
61,905,-1,0,0,0
61,934,-1,0,0,2
61,964,-1,0,0,0
61,982,-1,0,0,0
61,993,-1,0,0,1
61,1046,-1,0,0,3
61,1059,-1,0,0,3
62,50,1,0,0,8
62,71,-1,0,0,0
62,118,-1,0,0,0
62,138,-1,0,0,1
62,140,1,0,0,6
62,151,-1,0,0,2
62,168,-1,0,0,2
62,174,1,0,1,8
62,178,-1,0,0,1
62,184,-1,0,0,0
62,195,-1,0,0,0
62,202,-1,0,0,1
62,211,-1,0,0,3
62,219,-1,0,0,0
62,220,-1,0,0,3
62,239,-1,0,0,3
62,287,1,0,1,4
62,294,-1,0,0,0
62,298,-1,0,0,1
62,328,-1,0,0,1
62,354,-1,0,0,1
62,373,-1,0,0,0
62,411,1,1,0,4
62,435,-1,0,0,2
62,471,-1,0,0,3
62,474,-1,0,0,3
62,481,1,0,1,5
62,493,-1,0,0,0
62,496,-1,0,0,1
62,506,-1,0,0,0
62,527,1,1,0,8
62,540,-1,0,0,1
62,562,-1,0,0,1
62,572,-1,0,0,2
62,594,-1,0,0,0
62,610,1,0,1,5
62,614,1,0,1,6
62,619,-1,0,0,2
62,620,-1,0,0,1
62,636,-1,0,0,3
62,646,-1,0,0,3
62,694,-1,0,0,2
62,730,-1,0,0,1
62,757,-1,0,0,2
62,761,1,0,0,6
62,764,-1,0,0,1
62,765,-1,0,0,1
62,774,-1,0,0,1
62,813,-1,0,0,2
62,855,-1,0,0,3
62,862,-1,0,0,0
62,903,1,1,1,6
62,913,-1,0,0,0
62,914,-1,0,0,2
62,923,0,1,0,2
62,934,-1,0,0,3
62,959,-1,0,0,3
62,963,-1,0,0,3
62,988,-1,0,0,2
62,1006,-1,0,0,2
62,1025,-1,0,0,0
63,14,-1,0,0,0
63,41,-1,0,0,0
63,54,-1,0,0,3
63,61,-1,0,0,3
63,79,1,0,0,5
63,105,-1,0,0,2
63,124,-1,0,0,3
63,127,-1,0,0,3
63,141,-1,0,0,2
63,158,-1,0,0,1
63,160,1,1,0,5
63,233,1,1,1,6
63,263,-1,0,0,3
63,268,-1,0,0,1
63,271,-1,0,0,0
63,276,-1,0,0,0
63,297,1,1,0,3
63,330,1,1,0,5
63,338,-1,0,0,2
63,356,-1,0,0,0
63,390,-1,0,0,1
63,406,-1,0,0,2
63,422,1,0,1,3
63,433,-1,0,0,2
63,460,1,1,0,6
63,483,-1,0,0,2
63,500,-1,0,0,1
63,538,-1,0,0,0
63,542,1,1,1,7
63,548,-1,0,0,0
63,572,-1,0,0,3
63,576,-1,0,0,3
63,581,-1,0,0,2
63,585,1,0,1,7
63,594,-1,0,0,0
63,601,-1,0,0,3
63,604,1,0,0,4
63,636,-1,0,0,1
63,639,-1,0,0,0
63,641,-1,0,0,0
63,717,1,0,1,7
63,724,1,1,1,8
63,749,-1,0,0,1
63,765,-1,0,0,0
63,766,-1,0,0,3
63,805,1,1,0,6
63,806,-1,0,0,1
63,832,-1,0,0,0
63,849,-1,0,0,1
63,853,1,0,0,3
63,874,-1,0,0,0
63,880,-1,0,0,3
63,911,1,0,0,7
63,913,-1,0,0,0
63,918,-1,0,0,3
63,931,-1,0,0,2
63,941,-1,0,0,2
63,976,-1,0,0,1
63,1019,-1,0,0,0
63,1044,1,0,0,3
64,4,-1,0,0,1
64,18,1,1,0,7
64,35,1,1,0,5
64,42,1,0,1,3
64,76,1,0,0,7
64,118,1,0,1,8
64,136,1,1,0,7
64,154,1,0,0,3
64,205,1,0,1,6
64,224,-1,0,0,1
64,243,-1,0,0,1
64,260,-1,0,0,1
64,267,1,1,0,4
64,271,1,0,0,6
64,309,1,1,0,8
64,310,-1,0,0,1
64,322,1,0,1,8
64,344,1,1,0,6
64,380,1,0,1,6
64,382,1,1,0,8
64,386,1,1,1,7
64,401,-1,0,0,0
64,422,-1,0,0,2
64,424,1,0,0,6
64,429,1,1,1,3
64,436,-1,0,0,0
64,438,-1,0,0,2
64,459,1,0,0,3
64,471,1,0,0,6
64,494,-1,0,0,0
64,539,1,0,1,8
64,550,1,0,0,4
64,560,-1,0,0,2
64,581,-1,0,0,1
64,582,1,0,1,6
64,601,-1,0,0,0
64,616,-1,0,0,3
64,672,-1,0,0,3
64,675,-1,0,0,2
64,676,1,0,0,4
64,680,1,0,1,4
64,688,-1,0,0,3
64,698,1,1,0,5
64,704,1,1,1,5
64,710,1,0,1,5
64,720,1,1,0,3
64,746,0,0,1,3
64,749,-1,0,0,0
64,764,1,0,0,3
64,780,1,1,1,6
64,785,1,0,0,7
64,799,1,1,0,4
64,801,1,0,0,8
64,818,1,0,0,3
64,829,-1,0,0,2
64,830,-1,0,0,0
64,883,1,0,0,7
64,898,-1,0,0,0
64,923,-1,0,0,2
64,954,-1,0,0,2
64,960,-1,0,0,0
65,4,-1,0,0,0
65,8,-1,0,0,3
65,14,-1,0,0,3
65,27,-1,0,0,2
65,37,-1,0,0,1
65,42,-1,0,0,0
65,49,-1,0,0,1
65,72,1,1,0,4
65,79,1,1,0,8
65,80,-1,0,0,3
65,90,-1,0,0,2
65,95,-1,0,0,1
65,134,-1,0,0,3
65,135,1,1,1,4
65,148,-1,0,0,3
65,166,-1,0,0,2
65,176,-1,0,0,1
65,179,-1,0,0,0
65,180,-1,0,0,3
65,241,-1,0,0,1
65,244,-1,0,0,3
65,251,-1,0,0,2
65,264,1,1,0,7
65,285,-1,0,0,2
65,289,-1,0,0,3
65,334,-1,0,0,2
65,351,-1,0,0,1
65,364,-1,0,0,2
65,434,-1,0,0,2
65,441,-1,0,0,1
65,446,-1,0,0,3
65,476,1,1,1,5
65,478,-1,0,0,2
65,481,-1,0,0,1
65,483,-1,0,0,3
65,514,-1,0,0,2
65,524,-1,0,0,2
65,528,-1,0,0,0
65,557,-1,0,0,1
65,562,-1,0,0,0
65,563,-1,0,0,1
65,590,-1,0,0,0
65,615,-1,0,0,1
65,656,-1,0,0,3
65,658,-1,0,0,3
65,660,-1,0,0,0
65,662,-1,0,0,1
65,702,-1,0,0,2
65,754,-1,0,0,1
65,779,-1,0,0,0
65,816,-1,0,0,3
65,818,-1,0,0,0
65,870,-1,0,0,3
65,893,-1,0,0,2
65,898,-1,0,0,3
65,1001,-1,0,0,2
65,1019,-1,0,0,0
65,1027,-1,0,0,3
65,1044,-1,0,0,0
65,1046,-1,0,0,2
66,3,-1,0,0,0
66,31,1,1,0,8
66,41,1,1,0,3
66,55,-1,0,0,0
66,60,1,1,1,5
66,62,1,0,1,5
66,94,-1,0,0,2
66,125,-1,0,0,2
66,137,1,1,0,5
66,157,-1,0,0,2
66,163,-1,0,0,1
66,169,-1,0,0,1
66,197,-1,0,0,1
66,220,-1,0,0,1
66,237,-1,0,0,1
66,291,-1,0,0,1
66,302,1,0,1,5
66,321,1,0,0,8
66,324,-1,0,0,3
66,329,-1,0,0,0
66,362,1,1,1,6
66,397,-1,0,0,2
66,402,1,1,1,3
66,451,-1,0,0,3
66,456,-1,0,0,0
66,466,-1,0,0,3
66,467,1,0,1,4
66,468,-1,0,0,3
66,497,-1,0,0,3
66,502,1,1,1,7
66,506,-1,0,0,0
66,529,-1,0,0,1
66,537,1,0,0,6
66,574,0,0,1,4
66,580,-1,0,0,2
66,594,1,0,0,3
66,596,-1,0,0,2
66,623,-1,0,0,1
66,626,1,0,0,6
66,638,-1,0,0,3
66,665,-1,0,0,1
66,709,-1,0,0,3
66,715,-1,0,0,2
66,716,1,1,0,6
66,723,-1,0,0,1
66,743,-1,0,0,0
66,749,-1,0,0,2
66,759,-1,0,0,0
66,779,-1,0,0,1
66,788,-1,0,0,3
66,848,-1,0,0,1
66,862,-1,0,0,1
66,864,-1,0,0,1
66,918,-1,0,0,0
66,933,-1,0,0,2
66,957,1,1,1,4
66,971,-1,0,0,1
66,973,-1,0,0,3
66,1006,-1,0,0,0
66,1028,1,0,1,4
66,1054,-1,0,0,2
67,5,-1,0,0,2
67,6,1,0,1,7
67,10,-1,0,0,3
67,17,-1,0,0,1
67,30,-1,0,0,2
67,47,-1,0,0,1
67,81,-1,0,0,2
67,91,-1,0,0,2
67,128,1,1,0,7
67,130,1,0,1,6
67,132,-1,0,0,0
67,135,-1,0,0,2
67,149,-1,0,0,0
67,175,-1,0,0,1
67,180,-1,0,0,3
67,185,-1,0,0,1
67,189,-1,0,0,1
67,202,-1,0,0,2
67,222,-1,0,0,0
67,255,-1,0,0,2
67,264,-1,0,0,0
67,304,1,0,0,3
67,318,-1,0,0,3
67,324,-1,0,0,3
67,367,-1,0,0,0
67,372,-1,0,0,0
67,376,-1,0,0,0
67,388,-1,0,0,1
67,400,-1,0,0,0
67,415,-1,0,0,3
67,425,-1,0,0,3
67,457,-1,0,0,2
67,502,-1,0,0,2
67,506,-1,0,0,1
67,550,-1,0,0,1
67,562,-1,0,0,3
67,567,-1,0,0,3
67,569,-1,0,0,1
67,581,-1,0,0,1
67,585,-1,0,0,3
67,594,-1,0,0,0
67,609,-1,0,0,2
67,647,-1,0,0,1
67,648,-1,0,0,0
67,649,-1,0,0,3
67,681,-1,0,0,1
67,700,-1,0,0,3
67,722,-1,0,0,3
67,746,-1,0,0,1
67,756,-1,0,0,3
67,774,-1,0,0,3
67,786,-1,0,0,2
67,791,-1,0,0,3
67,796,-1,0,0,1
67,814,1,0,1,4
67,879,-1,0,0,2
67,914,-1,0,0,2
67,934,-1,0,0,0
67,937,1,1,0,4
67,944,-1,0,0,0
67,984,-1,0,0,0
67,1013,-1,0,0,1
67,1037,-1,0,0,1
67,1042,-1,0,0,1
67,1049,0,0,1,2
67,1053,-1,0,0,1
68,18,-1,0,0,3
68,21,-1,0,0,3
68,28,-1,0,0,2
68,44,-1,0,0,1
68,67,-1,0,0,0
68,81,-1,0,0,3
68,104,-1,0,0,3
68,125,-1,0,0,3
68,130,-1,0,0,2
68,189,-1,0,0,3
68,196,-1,0,0,3
68,230,-1,0,0,0
68,233,-1,0,0,3
68,244,-1,0,0,1
68,246,-1,0,0,3
68,253,-1,0,0,1
68,270,-1,0,0,1
68,294,-1,0,0,1
68,296,-1,0,0,1
68,302,-1,0,0,1
68,319,-1,0,0,0
68,323,-1,0,0,3
68,352,-1,0,0,0
68,398,-1,0,0,3
68,411,-1,0,0,0
68,413,0,1,0,4
68,423,-1,0,0,3
68,425,-1,0,0,0
68,428,-1,0,0,3
68,431,-1,0,0,0
68,437,-1,0,0,0
68,461,-1,0,0,2
68,468,-1,0,0,2
68,497,-1,0,0,1
68,500,-1,0,0,2
68,514,-1,0,0,1
68,527,-1,0,0,2
68,549,-1,0,0,2
68,571,-1,0,0,2
68,577,-1,0,0,3
68,614,-1,0,0,3
68,647,-1,0,0,2
68,648,-1,0,0,1
68,673,-1,0,0,1
68,702,-1,0,0,3
68,714,-1,0,0,1
68,738,-1,0,0,2
68,741,-1,0,0,0
68,753,-1,0,0,0
68,792,-1,0,0,2
68,816,-1,0,0,2
68,825,-1,0,0,1
68,840,-1,0,0,3
68,859,-1,0,0,0
68,867,-1,0,0,1
68,871,-1,0,0,0
68,906,1,0,0,7
68,919,-1,0,0,3
68,960,-1,0,0,3
68,1004,-1,0,0,1
68,1019,-1,0,0,0
69,56,-1,0,0,1
69,70,-1,0,0,3
69,74,-1,0,0,2
69,75,1,0,1,8
69,80,-1,0,0,2
69,88,-1,0,0,0
69,97,-1,0,0,0
69,104,-1,0,0,1
69,109,-1,0,0,1
69,121,-1,0,0,3
69,128,-1,0,0,0
69,183,-1,0,0,0
69,205,-1,0,0,2
69,224,-1,0,0,0
69,235,-1,0,0,2
69,239,-1,0,0,3
69,286,-1,0,0,3
69,288,-1,0,0,0
69,307,-1,0,0,3
69,312,-1,0,0,3
69,319,-1,0,0,1
69,324,-1,0,0,1
69,349,-1,0,0,0
69,366,-1,0,0,3
69,368,-1,0,0,1
69,403,-1,0,0,1
69,447,-1,0,0,0
69,488,-1,0,0,0
69,501,-1,0,0,0
69,529,-1,0,0,3
69,548,-1,0,0,2
69,549,-1,0,0,2
69,558,-1,0,0,3
69,562,-1,0,0,3
69,563,-1,0,0,0
69,568,-1,0,0,2
69,579,-1,0,0,3
69,605,-1,0,0,0
69,606,-1,0,0,1
69,663,-1,0,0,2
69,673,-1,0,0,3
69,676,-1,0,0,3
69,678,-1,0,0,0
69,684,-1,0,0,2
69,699,-1,0,0,0
69,726,-1,0,0,1
69,778,-1,0,0,2
69,784,1,0,0,8
69,815,-1,0,0,0
69,819,-1,0,0,0
69,822,-1,0,0,1
69,825,1,0,1,5
69,838,-1,0,0,3
69,847,-1,0,0,1
69,852,-1,0,0,0
69,873,1,1,0,6
69,874,-1,0,0,2
69,877,-1,0,0,3
69,891,-1,0,0,3
69,951,-1,0,0,3
69,958,-1,0,0,0
69,981,1,0,1,3
69,1006,-1,0,0,3
69,1016,-1,0,0,3
69,1031,1,1,0,8
70,9,-1,0,0,0
70,15,1,0,1,6
70,21,-1,0,0,3
70,51,-1,0,0,0
70,73,1,0,0,8
70,81,-1,0,0,1
70,105,-1,0,0,1
70,106,-1,0,0,0
70,153,1,0,1,4
70,188,1,0,0,3
70,193,-1,0,0,0
70,242,-1,0,0,1
70,243,1,1,0,8
70,244,1,0,1,7
70,267,-1,0,0,3
70,275,-1,0,0,3
70,296,-1,0,0,3
70,302,1,1,1,6
70,308,1,0,0,4
70,314,1,1,1,5
70,326,-1,0,0,1
70,369,1,1,1,7
70,371,1,0,0,8
70,381,-1,0,0,3
70,386,-1,0,0,1
70,408,-1,0,0,1
70,419,1,1,0,4
70,430,-1,0,0,0
70,433,1,0,0,5
70,455,1,1,1,7
70,465,1,1,0,8
70,504,1,0,1,3
70,536,-1,0,0,2
70,542,-1,0,0,1
70,555,1,1,0,4
70,557,-1,0,0,1
70,570,-1,0,0,2
70,605,1,0,0,4
70,609,-1,0,0,0
70,669,-1,0,0,3
70,670,-1,0,0,3
70,678,-1,0,0,1
70,680,-1,0,0,2
70,717,1,0,0,5
70,757,-1,0,0,1
70,760,-1,0,0,3
70,766,-1,0,0,0
70,821,1,1,1,6
70,832,-1,0,0,3
70,852,-1,0,0,3
70,917,-1,0,0,1
70,925,-1,0,0,2
70,934,1,1,1,4
70,942,1,0,1,6
70,948,1,0,0,8
70,990,-1,0,0,3
70,1007,-1,0,0,3
70,1014,-1,0,0,2
70,1036,-1,0,0,2
70,1052,-1,0,0,0
71,0,-1,0,0,2
71,1,-1,0,0,0
71,6,1,0,1,5
71,10,-1,0,0,0
71,32,-1,0,0,2
71,43,-1,0,0,1
71,56,-1,0,0,1
71,62,0,1,0,1
71,64,-1,0,0,0
71,92,-1,0,0,2
71,103,-1,0,0,1
71,137,-1,0,0,3
71,142,-1,0,0,0
71,162,-1,0,0,1
71,172,-1,0,0,3
71,207,1,0,0,7
71,235,-1,0,0,2
71,237,-1,0,0,3
71,243,-1,0,0,1
71,245,-1,0,0,1
71,248,1,0,0,8
71,257,1,1,0,7
71,265,-1,0,0,2
71,283,-1,0,0,1
71,337,-1,0,0,2
71,344,-1,0,0,1
71,370,-1,0,0,3
71,424,-1,0,0,2
71,437,-1,0,0,1
71,457,-1,0,0,0
71,473,-1,0,0,3
71,474,-1,0,0,0
71,480,-1,0,0,3
71,498,-1,0,0,3
71,515,1,1,0,3
71,527,-1,0,0,1
71,548,1,0,0,6
71,577,-1,0,0,1
71,604,-1,0,0,1
71,605,-1,0,0,2
71,632,-1,0,0,2
71,637,-1,0,0,3
71,658,-1,0,0,1
71,676,-1,0,0,0
71,687,-1,0,0,1
71,691,-1,0,0,2
71,721,-1,0,0,3
71,725,-1,0,0,0
71,732,-1,0,0,2
71,735,-1,0,0,1
71,762,1,1,1,4
71,764,-1,0,0,0
71,781,-1,0,0,0
71,788,-1,0,0,0
71,930,-1,0,0,0
71,934,-1,0,0,0
71,966,-1,0,0,3
71,973,-1,0,0,3
71,1039,-1,0,0,0
71,1044,-1,0,0,2
71,1055,-1,0,0,0
72,26,1,1,0,8
72,33,1,0,1,5
72,38,-1,0,0,0
72,50,-1,0,0,2
72,61,-1,0,0,3
72,68,-1,0,0,3
72,91,-1,0,0,0
72,92,1,0,0,6
72,118,-1,0,0,1
72,135,1,0,0,4
72,168,-1,0,0,0
72,180,-1,0,0,0
72,181,-1,0,0,1
72,206,-1,0,0,3
72,214,-1,0,0,0
72,231,-1,0,0,3
72,244,-1,0,0,3
72,250,1,1,0,6
72,307,-1,0,0,3
72,312,1,0,1,4
72,324,-1,0,0,0
72,335,-1,0,0,0
72,364,1,1,0,8
72,368,-1,0,0,0
72,401,-1,0,0,3
72,412,-1,0,0,2
72,415,1,0,1,4
72,450,-1,0,0,3
72,457,1,0,1,6
72,460,1,1,1,6
72,477,-1,0,0,3
72,481,1,0,0,8
72,485,-1,0,0,0
72,490,-1,0,0,3
72,495,-1,0,0,2
72,595,1,0,1,7
72,599,-1,0,0,1
72,602,-1,0,0,1
72,636,-1,0,0,1
72,657,-1,0,0,3
72,683,-1,0,0,0
72,746,-1,0,0,2
72,748,-1,0,0,2
72,751,-1,0,0,1
72,769,-1,0,0,2
72,793,1,1,1,8
72,796,-1,0,0,0
72,822,-1,0,0,1
72,847,-1,0,0,0
72,861,-1,0,0,1
72,867,-1,0,0,1
72,871,1,1,0,7
72,875,-1,0,0,0
72,915,1,0,0,5
72,936,-1,0,0,1
72,939,-1,0,0,0
72,947,-1,0,0,2
72,1012,-1,0,0,2
72,1024,-1,0,0,2
72,1060,-1,0,0,1
73,30,-1,0,0,0
73,41,1,0,1,6
73,47,-1,0,0,0
73,48,-1,0,0,3
73,50,-1,0,0,2
73,108,-1,0,0,0
73,118,-1,0,0,2
73,119,-1,0,0,0
73,140,-1,0,0,3
73,146,-1,0,0,3
73,149,-1,0,0,2
73,156,-1,0,0,3
73,233,-1,0,0,1
73,243,-1,0,0,3
73,325,-1,0,0,1
73,328,1,0,0,5
73,339,-1,0,0,3
73,375,-1,0,0,1
73,380,-1,0,0,2
73,438,-1,0,0,2
73,443,1,0,1,4
73,444,-1,0,0,3
73,445,-1,0,0,1
73,457,1,1,0,5
73,475,1,0,0,8
73,481,-1,0,0,2
73,483,1,0,0,6
73,488,1,0,0,5
73,518,-1,0,0,2
73,539,-1,0,0,3
73,559,-1,0,0,0
73,571,-1,0,0,2
73,589,-1,0,0,0
73,599,-1,0,0,1
73,610,-1,0,0,3
73,613,-1,0,0,0
73,617,-1,0,0,2
73,625,1,0,0,4
73,627,-1,0,0,1
73,669,-1,0,0,1
73,672,-1,0,0,0
73,681,-1,0,0,1
73,691,1,0,0,7
73,702,-1,0,0,3
73,709,-1,0,0,3
73,720,-1,0,0,2
73,739,1,0,0,5
73,770,-1,0,0,3
73,799,1,0,1,4
73,838,-1,0,0,3
73,841,-1,0,0,1
73,851,-1,0,0,3
73,890,-1,0,0,0
73,950,-1,0,0,2
73,1000,1,1,1,7
73,1014,-1,0,0,1
73,1025,-1,0,0,1
73,1026,-1,0,0,2
73,1039,-1,0,0,2
73,1042,-1,0,0,0
74,3,-1,0,0,3
74,5,-1,0,0,0
74,21,-1,0,0,1
74,29,1,1,0,8
74,47,-1,0,0,0
74,51,1,0,0,6
74,73,-1,0,0,2
74,95,-1,0,0,0
74,123,1,1,0,8
74,153,-1,0,0,1
74,198,-1,0,0,2
74,207,-1,0,0,3
74,229,-1,0,0,2
74,238,-1,0,0,2
74,248,-1,0,0,1
74,252,-1,0,0,2
74,286,-1,0,0,2
74,289,-1,0,0,1
74,320,-1,0,0,1
74,324,-1,0,0,1
74,335,-1,0,0,3
74,336,-1,0,0,0
74,353,1,1,1,6
74,354,-1,0,0,1
74,377,1,0,0,3
74,400,-1,0,0,1
74,403,-1,0,0,3
74,465,1,1,0,4
74,487,-1,0,0,1
74,509,1,0,1,5
74,529,-1,0,0,3
74,548,-1,0,0,0
74,550,-1,0,0,2
74,573,1,0,1,6
74,620,-1,0,0,1
74,621,-1,0,0,1
74,653,1,1,0,6
74,668,-1,0,0,1
74,681,-1,0,0,0
74,701,-1,0,0,0
74,709,1,1,1,6
74,716,-1,0,0,1
74,738,-1,0,0,3
74,742,-1,0,0,3
74,745,1,0,0,8
74,746,-1,0,0,0
74,757,-1,0,0,2
74,780,1,1,1,4
74,783,-1,0,0,2
74,785,-1,0,0,2
74,822,-1,0,0,2
74,845,-1,0,0,3
74,846,1,1,0,6
74,869,1,0,1,6
74,877,1,0,0,8
74,907,-1,0,0,2
74,913,-1,0,0,1
74,918,0,0,1,4
74,958,1,0,1,3
74,977,-1,0,0,1
74,1021,-1,0,0,1
75,31,1,1,1,3
75,32,1,1,1,8
75,48,1,0,1,4
75,68,1,1,1,4
75,69,1,0,1,6
75,70,-1,0,0,2
75,141,-1,0,0,0
75,145,-1,0,0,1
75,160,1,1,0,6
75,180,-1,0,0,3
75,188,-1,0,0,0
75,194,-1,0,0,2
75,224,-1,0,0,1
75,240,-1,0,0,2
75,251,-1,0,0,0
75,262,-1,0,0,3
75,320,-1,0,0,2
75,324,-1,0,0,0
75,357,-1,0,0,2
75,365,-1,0,0,2
75,386,1,0,0,4
75,415,-1,0,0,0
75,417,-1,0,0,3
75,431,-1,0,0,3
75,445,1,0,0,4
75,454,-1,0,0,0
75,463,-1,0,0,1
75,464,-1,0,0,1
75,480,1,0,1,5
75,509,-1,0,0,3
75,546,-1,0,0,3
75,550,-1,0,0,1
75,553,1,1,1,8
75,554,-1,0,0,3
75,566,1,1,1,8
75,594,-1,0,0,0
75,597,1,0,1,4
75,600,-1,0,0,1
75,612,-1,0,0,1
75,624,1,1,1,7
75,634,-1,0,0,2
75,678,1,0,0,7
75,684,-1,0,0,3
75,702,-1,0,0,3
75,727,-1,0,0,3
75,778,1,1,1,3
75,795,-1,0,0,3
75,830,-1,0,0,3
75,833,1,0,0,6
75,858,-1,0,0,3
75,860,1,0,1,4
75,864,1,1,0,7
75,906,1,0,0,6
75,933,-1,0,0,1
75,936,1,0,0,7
75,994,1,1,0,5
75,1026,-1,0,0,2
75,1030,1,0,0,3
75,1044,1,1,1,6
75,1055,-1,0,0,3
76,57,-1,0,0,1
76,92,-1,0,0,3
76,95,-1,0,0,2
76,116,1,0,1,6
76,125,-1,0,0,1
76,140,-1,0,0,0
76,145,-1,0,0,1
76,159,-1,0,0,2
76,178,-1,0,0,0
76,197,-1,0,0,1
76,201,-1,0,0,1
76,231,-1,0,0,2
76,249,-1,0,0,3
76,254,-1,0,0,3
76,260,-1,0,0,1
76,276,-1,0,0,3
76,299,-1,0,0,0
76,301,-1,0,0,0
76,306,1,0,1,7
76,311,-1,0,0,0
76,315,-1,0,0,1
76,340,1,1,0,8
76,364,-1,0,0,3
76,381,-1,0,0,1
76,385,-1,0,0,2
76,396,-1,0,0,1
76,430,-1,0,0,2
76,445,-1,0,0,0
76,471,-1,0,0,3
76,481,-1,0,0,3
76,495,-1,0,0,0
76,538,-1,0,0,2
76,569,-1,0,0,0
76,576,-1,0,0,3
76,581,-1,0,0,2
76,592,-1,0,0,1
76,640,-1,0,0,1
76,651,-1,0,0,0
76,667,-1,0,0,0
76,679,1,1,0,8
76,682,-1,0,0,3
76,703,-1,0,0,1
76,762,-1,0,0,0
76,764,-1,0,0,0
76,768,-1,0,0,3
76,789,-1,0,0,1
76,795,-1,0,0,2
76,801,-1,0,0,3
76,807,-1,0,0,0
76,812,-1,0,0,3
76,822,-1,0,0,0
76,856,-1,0,0,1
76,867,-1,0,0,1
76,874,-1,0,0,1
76,887,-1,0,0,3
76,894,-1,0,0,0
76,928,-1,0,0,0
76,975,1,0,1,6
76,1020,-1,0,0,0
76,1033,-1,0,0,3
77,27,-1,0,0,3
77,29,-1,0,0,1
77,117,-1,0,0,0
77,182,-1,0,0,1
77,185,-1,0,0,2
77,207,-1,0,0,2
77,224,-1,0,0,3
77,232,1,0,1,4
77,254,1,1,1,6
77,264,1,0,1,6
77,287,1,1,1,5
77,328,-1,0,0,3
77,336,-1,0,0,0
77,342,1,0,0,8
77,343,1,1,1,3
77,344,-1,0,0,0
77,370,1,1,1,3
77,373,-1,0,0,0
77,374,-1,0,0,3
77,375,-1,0,0,2
77,406,1,1,1,4
77,428,1,1,1,8
77,430,1,0,0,7
77,453,-1,0,0,0
77,461,1,1,0,7
77,474,-1,0,0,2
77,477,0,1,1,1
77,492,-1,0,0,1
77,497,-1,0,0,3
77,521,-1,0,0,2
77,524,-1,0,0,3
77,533,-1,0,0,3
77,566,-1,0,0,2
77,580,-1,0,0,3
77,622,-1,0,0,0
77,642,-1,0,0,1
77,684,-1,0,0,0
77,692,1,1,0,6
77,715,-1,0,0,3
77,729,1,0,1,7
77,730,-1,0,0,3
77,746,-1,0,0,1
77,763,-1,0,0,2
77,775,-1,0,0,2
77,795,1,1,0,6
77,798,-1,0,0,2
77,810,-1,0,0,3
77,820,-1,0,0,3
77,824,-1,0,0,0
77,835,-1,0,0,2
77,856,-1,0,0,0
77,871,-1,0,0,1
77,897,-1,0,0,0
77,902,-1,0,0,2
77,959,-1,0,0,1
77,965,1,1,0,5
77,967,-1,0,0,3
77,969,1,1,0,4
77,1004,1,0,1,8
77,1014,-1,0,0,0
77,1058,-1,0,0,3
78,12,-1,0,0,3
78,68,-1,0,0,0
78,95,-1,0,0,1
78,110,-1,0,0,1
78,126,-1,0,0,2
78,136,1,1,0,3
78,172,-1,0,0,1
78,184,-1,0,0,1
78,190,-1,0,0,2
78,195,-1,0,0,3
78,212,-1,0,0,3
78,219,-1,0,0,0
78,246,-1,0,0,3
78,275,-1,0,0,3
78,291,-1,0,0,1
78,296,-1,0,0,0
78,301,-1,0,0,3
78,319,-1,0,0,1
78,349,-1,0,0,3
78,361,-1,0,0,2
78,363,-1,0,0,0
78,377,-1,0,0,3
78,424,0,1,0,1
78,442,1,1,0,6
78,454,-1,0,0,3
78,470,-1,0,0,2
78,471,-1,0,0,1
78,498,-1,0,0,0
78,510,-1,0,0,1
78,521,-1,0,0,0
78,527,-1,0,0,3
78,550,-1,0,0,2
78,560,-1,0,0,0
78,567,-1,0,0,1
78,573,-1,0,0,0
78,601,-1,0,0,0
78,636,-1,0,0,0
78,639,-1,0,0,0
78,671,-1,0,0,3
78,674,1,0,1,7
78,679,-1,0,0,2
78,701,-1,0,0,0
78,713,-1,0,0,0
78,741,-1,0,0,2
78,744,-1,0,0,2
78,752,-1,0,0,0
78,754,-1,0,0,2
78,767,-1,0,0,0
78,779,-1,0,0,3
78,783,-1,0,0,0
78,795,-1,0,0,0
78,822,-1,0,0,0
78,897,-1,0,0,0
78,906,-1,0,0,0
78,940,-1,0,0,2
78,963,-1,0,0,3
78,973,-1,0,0,2
78,979,-1,0,0,1
78,989,-1,0,0,2
78,1036,-1,0,0,1
78,1052,-1,0,0,3
79,0,-1,0,0,1
79,2,1,1,1,8
79,13,1,1,0,5
79,27,1,0,1,3
79,70,1,0,0,3
79,78,1,1,0,4
79,90,1,0,1,4
79,92,1,0,1,6
79,101,1,1,0,4
79,160,1,1,1,7
79,199,1,0,1,3
79,229,1,0,0,6
79,250,1,0,0,4
79,259,1,1,0,5
79,300,1,0,1,7
79,304,1,0,0,3
79,330,1,1,0,3
79,350,1,1,1,7
79,370,1,1,1,7
79,387,1,0,0,5
79,410,1,0,0,7
79,418,1,0,1,7
79,425,1,0,0,4
79,445,1,1,0,4
79,447,1,0,1,3
79,453,1,0,0,3
79,458,1,0,0,3
79,480,1,1,1,3
79,521,1,1,1,3
79,522,1,0,0,8
79,544,1,1,1,4
79,550,1,0,1,3
79,564,1,1,0,4
79,567,1,1,0,3
79,585,1,0,1,5
79,629,1,0,0,5
79,728,1,1,0,4
79,734,1,0,0,3
79,775,1,1,0,7
79,783,1,0,0,4
79,798,1,1,1,4
79,801,1,1,0,3
79,829,1,1,0,7
79,862,1,1,0,8
79,874,1,1,0,6
79,877,1,0,1,3
79,892,1,0,1,5
79,910,1,1,1,5
79,930,1,0,0,3
79,932,1,0,0,8
79,941,1,1,1,3
79,962,1,1,0,6
79,970,1,0,0,8
79,973,1,1,1,6
79,981,1,0,0,4
79,995,1,0,1,8
79,1001,1,0,0,5
79,1019,1,1,1,3
79,1026,1,1,0,8
79,1032,1,1,1,5
79,1052,1,1,0,6
79,1057,0,0,0,1
80,22,1,1,0,7
80,59,1,0,0,6
80,85,1,1,0,4
80,107,-1,0,0,3
80,118,1,0,1,4
80,139,1,1,0,8
80,150,-1,0,0,0
80,152,-1,0,0,0
80,156,-1,0,0,2
80,157,1,1,1,4
80,159,-1,0,0,3
80,168,-1,0,0,1
80,182,-1,0,0,3
80,186,-1,0,0,2
80,216,-1,0,0,2
80,218,1,1,1,5
80,278,1,0,0,5
80,291,1,0,0,4
80,318,-1,0,0,2
80,329,-1,0,0,1
80,364,-1,0,0,0
80,377,-1,0,0,3
80,382,-1,0,0,2
80,383,-1,0,0,3
80,392,-1,0,0,3
80,453,1,0,1,8
80,481,-1,0,0,1
80,486,-1,0,0,1
80,492,-1,0,0,3
80,493,-1,0,0,3
80,494,-1,0,0,1
80,538,-1,0,0,0
80,552,-1,0,0,2
80,568,1,0,1,7
80,570,-1,0,0,1
80,613,-1,0,0,3
80,635,-1,0,0,1
80,688,-1,0,0,0
80,719,1,0,1,4
80,724,-1,0,0,3
80,759,-1,0,0,3
80,763,-1,0,0,0
80,784,1,0,1,6
80,795,-1,0,0,2
80,822,-1,0,0,0
80,851,-1,0,0,2
80,852,1,0,0,3
80,860,1,1,0,5
80,885,-1,0,0,2
80,911,-1,0,0,2
80,924,-1,0,0,2
80,926,-1,0,0,1
80,938,1,1,0,7
80,945,-1,0,0,1
80,967,1,0,1,6
80,973,-1,0,0,0
80,1007,-1,0,0,2
80,1018,-1,0,0,3
80,1037,-1,0,0,3
80,1040,-1,0,0,2
81,27,-1,0,0,2
81,35,-1,0,0,2
81,42,-1,0,0,3
81,47,-1,0,0,0
81,50,1,0,0,6
81,64,-1,0,0,0
81,77,-1,0,0,2
81,91,-1,0,0,3
81,103,-1,0,0,1
81,105,-1,0,0,1
81,109,1,1,1,3
81,122,-1,0,0,3
81,125,1,1,0,4
81,128,1,0,0,7
81,136,-1,0,0,1
81,171,-1,0,0,2
81,174,-1,0,0,2
81,176,1,1,0,6
81,190,-1,0,0,2
81,204,-1,0,0,0
81,235,-1,0,0,3
81,238,-1,0,0,0
81,247,-1,0,0,3
81,275,-1,0,0,3
81,278,-1,0,0,0
81,301,-1,0,0,0
81,318,-1,0,0,2
81,359,-1,0,0,3
81,379,-1,0,0,1
81,432,-1,0,0,0
81,495,0,0,1,4
81,503,-1,0,0,3
81,512,-1,0,0,3
81,548,-1,0,0,3
81,552,-1,0,0,3
81,569,-1,0,0,3
81,581,-1,0,0,2
81,588,1,0,1,5
81,590,-1,0,0,1
81,593,-1,0,0,2
81,608,-1,0,0,3
81,625,-1,0,0,2
81,626,-1,0,0,1
81,632,-1,0,0,0
81,696,-1,0,0,2
81,726,-1,0,0,1
81,762,-1,0,0,3
81,786,-1,0,0,3
81,833,-1,0,0,0
81,858,-1,0,0,1
81,920,-1,0,0,3
81,925,-1,0,0,2
81,970,1,1,0,4
81,984,-1,0,0,3
81,1012,-1,0,0,3
81,1016,-1,0,0,1
81,1020,-1,0,0,3
81,1031,1,1,1,8
81,1036,-1,0,0,1
81,1052,-1,0,0,2
81,1053,-1,0,0,1
82,5,-1,0,0,3
82,24,-1,0,0,2
82,36,-1,0,0,0
82,50,-1,0,0,3
82,54,-1,0,0,0
82,63,-1,0,0,2
82,88,-1,0,0,3
82,125,-1,0,0,0
82,173,-1,0,0,2
82,183,-1,0,0,2
82,185,-1,0,0,2
82,190,-1,0,0,2
82,209,-1,0,0,3
82,212,-1,0,0,1
82,234,-1,0,0,3
82,237,-1,0,0,2
82,253,-1,0,0,0
82,283,-1,0,0,3
82,296,-1,0,0,0
82,320,-1,0,0,1
82,340,-1,0,0,2
82,347,-1,0,0,2
82,412,-1,0,0,1
82,448,-1,0,0,0
82,449,-1,0,0,0
82,466,-1,0,0,1
82,510,-1,0,0,2
82,520,0,0,0,2
82,560,-1,0,0,2
82,600,-1,0,0,2
82,602,-1,0,0,2
82,619,-1,0,0,1
82,620,-1,0,0,1
82,635,-1,0,0,3
82,648,-1,0,0,1
82,661,-1,0,0,1
82,692,-1,0,0,3
82,697,-1,0,0,0
82,716,-1,0,0,1
82,725,1,1,0,7
82,741,-1,0,0,2
82,750,-1,0,0,0
82,751,-1,0,0,0
82,767,-1,0,0,3
82,783,-1,0,0,2
82,792,-1,0,0,0
82,798,-1,0,0,0
82,820,-1,0,0,0
82,827,-1,0,0,3
82,830,-1,0,0,2
82,873,-1,0,0,2
82,886,-1,0,0,2
82,892,-1,0,0,0
82,907,-1,0,0,3
82,928,-1,0,0,2
82,939,-1,0,0,2
82,953,-1,0,0,1
82,965,-1,0,0,3
82,1026,-1,0,0,3
82,1033,-1,0,0,3
82,1048,-1,0,0,3
83,10,-1,0,0,1
83,24,1,1,0,4
83,26,-1,0,0,3
83,41,1,1,0,6
83,50,1,1,0,4
83,71,1,0,1,7
83,75,1,0,0,8
83,81,-1,0,0,1
83,99,-1,0,0,2
83,114,-1,0,0,1
83,128,1,0,0,6
83,130,1,1,1,5
83,146,-1,0,0,3
83,151,1,1,0,8
83,186,-1,0,0,1
83,190,1,1,1,8
83,213,-1,0,0,0
83,236,-1,0,0,0
83,287,1,1,1,6
83,290,-1,0,0,1
83,298,1,1,0,6
83,306,-1,0,0,1
83,315,-1,0,0,0
83,324,-1,0,0,3
83,334,-1,0,0,3
83,340,1,0,1,3
83,355,-1,0,0,2
83,359,1,0,1,5
83,368,-1,0,0,1
83,415,1,0,1,6
83,419,-1,0,0,2
83,426,1,1,1,4
83,502,-1,0,0,2
83,541,-1,0,0,2
83,570,-1,0,0,0
83,595,-1,0,0,0
83,599,-1,0,0,3
83,607,-1,0,0,3
83,608,-1,0,0,2
83,621,1,0,0,8
83,658,1,0,0,8
83,659,1,0,0,6
83,663,1,0,1,8
83,700,0,0,0,4
83,767,-1,0,0,3
83,771,1,1,0,3
83,785,1,1,1,3
83,787,-1,0,0,1
83,798,-1,0,0,0
83,806,1,0,1,6
83,835,1,0,1,6
83,893,1,0,0,8
83,910,-1,0,0,1
83,937,1,1,0,8
83,949,1,0,0,6
83,983,1,0,0,4
83,988,1,1,1,3
83,997,1,1,0,4
83,1023,-1,0,0,0
83,1028,1,0,0,6
83,1041,1,0,1,3
84,10,-1,0,0,2
84,21,-1,0,0,2
84,61,1,0,0,7
84,71,-1,0,0,2
84,77,1,1,1,5
84,87,-1,0,0,2
84,96,-1,0,0,1
84,113,-1,0,0,1
84,115,-1,0,0,3
84,131,-1,0,0,1
84,138,1,0,1,5
84,141,-1,0,0,1
84,219,-1,0,0,1
84,234,-1,0,0,2
84,265,-1,0,0,3
84,270,-1,0,0,1
84,292,-1,0,0,0
84,305,1,0,1,6
84,319,-1,0,0,0
84,327,-1,0,0,0
84,341,-1,0,0,1
84,350,-1,0,0,1
84,380,-1,0,0,1
84,400,-1,0,0,2
84,413,-1,0,0,3
84,438,-1,0,0,2
84,455,1,1,0,3
84,470,1,0,0,5
84,478,-1,0,0,3
84,481,-1,0,0,2
84,483,-1,0,0,3
84,490,-1,0,0,1
84,495,-1,0,0,0
84,504,-1,0,0,1
84,508,1,0,0,7
84,586,-1,0,0,2
84,678,-1,0,0,1
84,705,1,0,0,8
84,716,-1,0,0,2
84,718,-1,0,0,0
84,736,-1,0,0,1
84,737,-1,0,0,3
84,748,1,0,1,8
84,760,-1,0,0,3
84,800,-1,0,0,2
84,822,-1,0,0,1
84,835,-1,0,0,3
84,867,1,0,1,7
84,872,-1,0,0,0
84,879,0,1,0,4
84,885,-1,0,0,0
84,913,-1,0,0,3
84,926,-1,0,0,2
84,936,-1,0,0,2
84,946,-1,0,0,0
84,959,1,1,0,3
84,978,-1,0,0,1
84,1002,1,0,0,3
84,1020,-1,0,0,2
84,1035,-1,0,0,2
84,1051,-1,0,0,1
85,34,-1,0,0,3
85,46,-1,0,0,1
85,67,-1,0,0,0
85,76,-1,0,0,3
85,96,-1,0,0,2
85,128,1,1,0,5
85,130,-1,0,0,1
85,143,-1,0,0,3
85,157,-1,0,0,0
85,159,-1,0,0,0
85,170,-1,0,0,2
85,186,-1,0,0,3
85,197,-1,0,0,3
85,211,-1,0,0,3
85,224,-1,0,0,0
85,247,-1,0,0,0
85,274,-1,0,0,2
85,277,-1,0,0,2
85,304,-1,0,0,2
85,306,-1,0,0,1
85,320,-1,0,0,1
85,327,-1,0,0,1
85,338,-1,0,0,0
85,342,-1,0,0,2
85,345,-1,0,0,1
85,381,-1,0,0,2
85,389,-1,0,0,3
85,426,-1,0,0,2
85,440,-1,0,0,2
85,446,-1,0,0,0
85,449,-1,0,0,1
85,453,-1,0,0,2
85,459,-1,0,0,2
85,488,-1,0,0,2
85,493,-1,0,0,3
85,510,-1,0,0,2
85,518,-1,0,0,2
85,524,-1,0,0,1
85,526,-1,0,0,2
85,590,-1,0,0,2
85,626,1,0,1,3
85,629,1,0,1,5
85,638,-1,0,0,3
85,644,-1,0,0,2
85,650,-1,0,0,2
85,723,-1,0,0,0
85,727,-1,0,0,1
85,733,-1,0,0,1
85,772,-1,0,0,2
85,823,-1,0,0,1
85,898,-1,0,0,1
85,901,0,0,0,2
85,905,-1,0,0,0
85,907,-1,0,0,2
85,912,1,0,1,5
85,957,-1,0,0,0
85,969,-1,0,0,1
85,982,-1,0,0,3
85,1000,1,1,0,8
85,1008,-1,0,0,3
85,1034,-1,0,0,2
86,12,-1,0,0,3
86,17,1,1,1,3
86,30,-1,0,0,1
86,39,-1,0,0,1
86,51,-1,0,0,0
86,96,-1,0,0,3
86,103,1,1,0,3
86,105,1,0,0,8
86,126,1,0,0,8
86,141,-1,0,0,2
86,181,-1,0,0,3
86,183,1,0,0,5
86,205,1,1,1,3
86,215,-1,0,0,2
86,227,-1,0,0,2
86,238,-1,0,0,3
86,257,1,1,0,6
86,265,1,1,0,4
86,268,-1,0,0,3
86,286,-1,0,0,2
86,288,1,1,1,4
86,296,-1,0,0,2
86,298,-1,0,0,3
86,329,-1,0,0,0
86,382,-1,0,0,2
86,416,0,0,0,2
86,438,-1,0,0,0
86,455,-1,0,0,3
86,467,1,0,1,7
86,469,-1,0,0,3
86,498,-1,0,0,3
86,507,-1,0,0,0
86,514,-1,0,0,3
86,521,-1,0,0,3
86,526,1,0,0,5
86,529,-1,0,0,3
86,535,-1,0,0,3
86,584,-1,0,0,3
86,586,-1,0,0,3
86,610,-1,0,0,1
86,642,-1,0,0,0
86,643,1,0,0,4
86,668,-1,0,0,1
86,687,-1,0,0,2
86,694,1,0,0,6
86,697,1,0,0,4
86,709,-1,0,0,1
86,717,-1,0,0,3
86,753,-1,0,0,1
86,774,-1,0,0,3
86,775,-1,0,0,3
86,788,-1,0,0,3
86,790,-1,0,0,2
86,838,-1,0,0,3
86,863,-1,0,0,0
86,886,1,0,0,3
86,901,-1,0,0,3
86,972,-1,0,0,1
86,986,1,1,0,8
86,1007,-1,0,0,2
86,1059,-1,0,0,2
87,3,-1,0,0,3
87,15,-1,0,0,0
87,54,-1,0,0,1
87,79,-1,0,0,0
87,126,-1,0,0,1
87,127,-1,0,0,0
87,134,-1,0,0,1
87,139,1,0,0,4
87,154,1,0,1,7
87,166,-1,0,0,1
87,181,-1,0,0,0
87,184,-1,0,0,0
87,188,-1,0,0,1
87,195,-1,0,0,2
87,198,-1,0,0,0
87,213,-1,0,0,0
87,237,-1,0,0,2
87,242,-1,0,0,2
87,303,1,0,1,6
87,307,-1,0,0,2
87,314,-1,0,0,1
87,328,-1,0,0,0
87,333,-1,0,0,0
87,351,-1,0,0,1
87,358,-1,0,0,2
87,384,-1,0,0,3
87,390,-1,0,0,2
87,458,-1,0,0,1
87,477,1,1,1,7
87,484,1,1,1,8
87,496,-1,0,0,2
87,520,-1,0,0,1
87,532,-1,0,0,2
87,536,-1,0,0,1
87,566,-1,0,0,3
87,572,-1,0,0,3
87,599,-1,0,0,1
87,604,-1,0,0,0
87,605,1,0,0,7
87,606,1,0,1,4
87,612,-1,0,0,3
87,639,-1,0,0,2
87,653,-1,0,0,1
87,661,-1,0,0,3
87,671,1,0,1,6
87,694,-1,0,0,3
87,696,-1,0,0,2
87,753,-1,0,0,0
87,755,-1,0,0,0
87,815,1,1,1,6
87,837,-1,0,0,3
87,856,-1,0,0,1
87,884,-1,0,0,3
87,886,0,1,1,3
87,923,-1,0,0,0
87,954,-1,0,0,0
87,962,-1,0,0,0
87,970,-1,0,0,2
87,971,-1,0,0,3
87,974,-1,0,0,3
87,1007,-1,0,0,1
88,14,-1,0,0,2
88,32,-1,0,0,1
88,54,-1,0,0,2
88,55,-1,0,0,2
88,66,1,0,0,7
88,103,-1,0,0,3
88,120,-1,0,0,2
88,142,1,0,1,7
88,212,-1,0,0,1
88,217,-1,0,0,2
88,224,-1,0,0,0
88,237,1,0,1,3
88,245,-1,0,0,0
88,270,-1,0,0,1
88,284,-1,0,0,3
88,316,-1,0,0,3
88,319,-1,0,0,1
88,337,1,1,1,6
88,377,-1,0,0,3
88,439,1,0,1,3
88,440,-1,0,0,1
88,457,-1,0,0,1
88,481,-1,0,0,3
88,514,1,0,1,6
88,520,-1,0,0,2
88,534,-1,0,0,2
88,537,-1,0,0,2
88,540,-1,0,0,1
88,552,-1,0,0,2
88,579,1,1,1,4
88,583,-1,0,0,2
88,585,-1,0,0,1
88,626,-1,0,0,2
88,639,-1,0,0,0
88,656,-1,0,0,2
88,682,-1,0,0,1
88,683,-1,0,0,1
88,684,-1,0,0,0
88,685,-1,0,0,0
88,690,-1,0,0,2
88,701,-1,0,0,3
88,728,-1,0,0,0
88,733,-1,0,0,2
88,748,1,1,0,6
88,761,-1,0,0,0
88,766,-1,0,0,0
88,777,-1,0,0,1
88,813,-1,0,0,1
88,887,-1,0,0,2
88,890,-1,0,0,3
88,891,1,1,0,3
88,923,-1,0,0,3
88,946,-1,0,0,0
88,1006,-1,0,0,2
88,1015,-1,0,0,3
88,1022,-1,0,0,3
88,1031,-1,0,0,3
88,1032,1,1,0,7
88,1035,-1,0,0,3
88,1055,-1,0,0,1
89,12,-1,0,0,1
89,31,1,1,0,4
89,35,1,0,0,8
89,39,-1,0,0,2
89,45,1,1,1,6
89,93,-1,0,0,3
89,167,1,1,0,5
89,184,-1,0,0,0
89,187,-1,0,0,2
89,200,-1,0,0,2
89,216,-1,0,0,2
89,233,-1,0,0,0
89,259,-1,0,0,0
89,288,-1,0,0,0
89,319,-1,0,0,3
89,326,-1,0,0,1
89,328,1,1,1,6
89,338,-1,0,0,0
89,355,-1,0,0,3
89,368,-1,0,0,0
89,369,1,0,0,3
89,404,1,0,1,3
89,418,-1,0,0,1
89,440,-1,0,0,3
89,456,-1,0,0,0
89,484,-1,0,0,0
89,514,-1,0,0,3
89,549,-1,0,0,2
89,554,-1,0,0,3
89,559,-1,0,0,2
89,561,-1,0,0,0
89,569,-1,0,0,2
89,572,-1,0,0,0
89,591,0,0,0,0
89,613,-1,0,0,3
89,633,1,0,0,7
89,668,-1,0,0,2
89,676,1,0,1,4
89,690,1,0,1,6
89,701,-1,0,0,1
89,714,-1,0,0,3
89,756,1,1,1,6
89,815,-1,0,0,0
89,836,-1,0,0,0
89,837,-1,0,0,0
89,838,-1,0,0,0
89,848,-1,0,0,2
89,877,-1,0,0,0
89,896,-1,0,0,0
89,905,1,0,0,8
89,906,-1,0,0,1
89,913,-1,0,0,2
89,920,-1,0,0,3
89,932,-1,0,0,0
89,987,1,0,0,5
89,993,-1,0,0,3
89,1002,-1,0,0,1
89,1021,-1,0,0,3
89,1027,-1,0,0,1
89,1036,-1,0,0,2
89,1047,-1,0,0,1
90,48,-1,0,0,3
90,53,-1,0,0,0
90,58,-1,0,0,2
90,71,-1,0,0,0
90,84,-1,0,0,3
90,85,-1,0,0,1
90,94,-1,0,0,0
90,104,-1,0,0,2
90,105,-1,0,0,2
90,121,-1,0,0,3
90,125,-1,0,0,3
90,145,1,0,0,3
90,173,-1,0,0,0
90,175,1,0,0,5
90,182,-1,0,0,0
90,184,-1,0,0,0
90,190,-1,0,0,3
90,208,-1,0,0,1
90,228,-1,0,0,0
90,241,-1,0,0,2
90,249,-1,0,0,3
90,301,-1,0,0,1
90,310,-1,0,0,0
90,328,1,0,0,5
90,354,-1,0,0,2
90,390,-1,0,0,0
90,393,-1,0,0,1
90,408,-1,0,0,3
90,420,-1,0,0,2
90,451,-1,0,0,2
90,478,1,0,0,5
90,486,-1,0,0,1
90,559,-1,0,0,0
90,573,-1,0,0,2
90,583,-1,0,0,1
90,586,-1,0,0,2
90,592,-1,0,0,3
90,601,-1,0,0,2
90,618,-1,0,0,0
90,646,-1,0,0,1
90,656,-1,0,0,1
90,670,-1,0,0,0
90,678,-1,0,0,0
90,679,-1,0,0,2
90,684,-1,0,0,3
90,742,-1,0,0,0
90,784,-1,0,0,0
90,794,-1,0,0,0
90,806,1,0,1,5
90,823,-1,0,0,1
90,834,-1,0,0,2
90,856,-1,0,0,3
90,878,-1,0,0,1
90,903,-1,0,0,3
90,935,-1,0,0,2
90,949,-1,0,0,0
90,956,1,0,1,7
90,968,1,1,0,5
90,985,-1,0,0,3
90,1029,1,0,1,5
91,1,-1,0,0,1
91,6,-1,0,0,2
91,11,-1,0,0,1
91,22,-1,0,0,2
91,31,-1,0,0,2
91,81,-1,0,0,3
91,102,-1,0,0,2
91,110,-1,0,0,3
91,236,-1,0,0,2
91,246,-1,0,0,1
91,251,-1,0,0,1
91,264,-1,0,0,3
91,279,-1,0,0,1
91,294,-1,0,0,2
91,302,-1,0,0,3
91,303,-1,0,0,0
91,304,-1,0,0,1
91,305,-1,0,0,3
91,341,-1,0,0,1
91,351,-1,0,0,1
91,364,-1,0,0,1
91,371,-1,0,0,2
91,387,-1,0,0,0
91,392,-1,0,0,2
91,404,-1,0,0,1
91,413,-1,0,0,2
91,414,1,0,0,5
91,427,-1,0,0,3
91,443,-1,0,0,0
91,453,-1,0,0,0
91,467,-1,0,0,1
91,472,-1,0,0,3
91,497,-1,0,0,3
91,507,-1,0,0,3
91,510,1,0,0,4
91,538,-1,0,0,0
91,564,-1,0,0,1
91,584,-1,0,0,1
91,594,1,1,1,8
91,609,-1,0,0,2
91,610,-1,0,0,1
91,652,-1,0,0,2
91,687,-1,0,0,1
91,689,-1,0,0,2
91,769,-1,0,0,3
91,775,-1,0,0,3
91,778,-1,0,0,0
91,835,-1,0,0,2
91,859,-1,0,0,1
91,874,-1,0,0,3
91,906,-1,0,0,2
91,912,-1,0,0,0
91,924,-1,0,0,0
91,935,-1,0,0,1
91,952,-1,0,0,0
91,969,-1,0,0,1
91,993,-1,0,0,3
91,1003,-1,0,0,0
91,1009,-1,0,0,1
91,1056,-1,0,0,2
92,21,1,0,1,5
92,32,1,1,1,7
92,44,-1,0,0,3
92,52,-1,0,0,2
92,68,1,0,1,7
92,84,1,0,0,5
92,107,1,0,1,3
92,108,-1,0,0,1
92,117,-1,0,0,3
92,121,-1,0,0,3
92,123,-1,0,0,1
92,136,-1,0,0,2
92,145,1,0,0,4
92,148,-1,0,0,0
92,155,-1,0,0,2
92,157,1,0,1,4
92,191,-1,0,0,0
92,195,-1,0,0,2
92,243,1,1,1,6
92,254,-1,0,0,2
92,266,-1,0,0,0
92,285,-1,0,0,3
92,294,-1,0,0,2
92,315,-1,0,0,0
92,324,-1,0,0,1
92,327,-1,0,0,2
92,368,-1,0,0,1
92,393,1,1,0,7
92,397,-1,0,0,0
92,406,-1,0,0,0
92,412,-1,0,0,3
92,413,1,0,1,5
92,431,-1,0,0,2
92,505,1,1,1,8
92,515,1,0,1,7
92,527,1,1,1,6
92,538,-1,0,0,2
92,544,1,0,0,5
92,562,-1,0,0,0
92,570,-1,0,0,1
92,596,-1,0,0,2
92,597,-1,0,0,2
92,647,-1,0,0,0
92,648,-1,0,0,3
92,730,1,0,0,8
92,758,-1,0,0,0
92,771,1,0,1,4
92,774,0,0,0,1
92,790,-1,0,0,3
92,795,1,0,1,6
92,808,1,0,0,4
92,812,1,0,1,4
92,839,-1,0,0,0
92,842,1,1,1,6
92,843,1,0,0,5
92,861,-1,0,0,0
92,863,-1,0,0,3
92,884,-1,0,0,2
92,900,-1,0,0,1
92,944,-1,0,0,2
92,960,-1,0,0,2
93,1,-1,0,0,0
93,14,0,1,1,1
93,58,-1,0,0,2
93,80,-1,0,0,3
93,100,-1,0,0,2
93,131,-1,0,0,3
93,133,-1,0,0,3
93,143,-1,0,0,2
93,144,1,0,1,4
93,169,-1,0,0,3
93,184,-1,0,0,3
93,188,1,0,1,4
93,194,1,0,1,4
93,214,-1,0,0,0
93,231,-1,0,0,2
93,257,-1,0,0,2
93,270,-1,0,0,1
93,286,-1,0,0,1
93,293,-1,0,0,2
93,347,-1,0,0,1
93,365,1,0,0,3
93,377,1,1,1,5
93,399,1,0,1,6
93,405,-1,0,0,0
93,420,-1,0,0,1
93,439,-1,0,0,3
93,473,-1,0,0,2
93,535,-1,0,0,3
93,546,-1,0,0,0
93,549,-1,0,0,0
93,553,-1,0,0,2
93,556,-1,0,0,0
93,572,-1,0,0,0
93,611,-1,0,0,3
93,612,1,0,1,6
93,615,-1,0,0,2
93,632,-1,0,0,1
93,641,1,1,0,6
93,683,-1,0,0,0
93,711,1,1,1,3
93,758,-1,0,0,0
93,761,-1,0,0,1
93,764,-1,0,0,1
93,765,-1,0,0,3
93,776,-1,0,0,3
93,788,-1,0,0,1
93,811,-1,0,0,1
93,814,-1,0,0,3
93,847,-1,0,0,2
93,861,-1,0,0,0
93,901,-1,0,0,2
93,903,1,0,1,5
93,925,-1,0,0,1
93,933,-1,0,0,2
93,935,-1,0,0,1
93,955,-1,0,0,3
93,997,-1,0,0,1
93,1004,-1,0,0,2
93,1016,-1,0,0,0
93,1017,-1,0,0,1
93,1025,-1,0,0,3
94,1,-1,0,0,3
94,4,-1,0,0,3
94,16,-1,0,0,0
94,31,-1,0,0,0
94,45,-1,0,0,2
94,59,-1,0,0,1
94,62,-1,0,0,0
94,84,-1,0,0,2
94,113,-1,0,0,1
94,118,-1,0,0,3
94,126,1,1,0,7
94,136,-1,0,0,0
94,143,-1,0,0,0
94,154,1,1,0,4
94,169,-1,0,0,2
94,211,-1,0,0,2
94,217,-1,0,0,3
94,221,-1,0,0,3
94,235,1,0,1,4
94,260,1,0,0,5
94,298,-1,0,0,1
94,313,1,0,0,4
94,339,1,0,0,5
94,345,-1,0,0,1
94,349,-1,0,0,2
94,355,-1,0,0,0
94,451,-1,0,0,3
94,491,1,1,0,4
94,495,-1,0,0,2
94,514,-1,0,0,2
94,533,1,0,1,6
94,537,1,1,0,8
94,589,-1,0,0,3
94,621,1,0,1,6
94,634,-1,0,0,2
94,638,1,1,1,8
94,647,-1,0,0,1
94,654,-1,0,0,3
94,660,1,1,0,4
94,701,1,0,0,3
94,717,-1,0,0,0
94,746,1,0,0,5
94,792,-1,0,0,0
94,837,1,0,0,6
94,847,1,0,1,3
94,848,-1,0,0,2
94,851,-1,0,0,1
94,876,-1,0,0,2
94,910,-1,0,0,1
94,917,-1,0,0,2
94,946,-1,0,0,1
94,953,1,0,1,8
94,955,1,1,1,3
94,957,-1,0,0,3
94,968,-1,0,0,2
94,986,1,0,1,5
94,997,-1,0,0,3
94,1013,-1,0,0,3
94,1014,-1,0,0,2
94,1036,1,1,1,6
3000,0,1,0,0,0
3000,1,1,0,0,1
3000,2,1,0,0,0
3000,10,-1,0,0,0
3000,20,-1,0,0,0
3000,50,-1,0,0,0
